date_added_to_playlist,album_art_url,album_art_height,album_art_width,album_uri,album_name,release_date,artist_names,artist_uris,isrc,disc_number,duration_ms,name,track_uri,track_number,popularity,danceability,energy,key,loudness,speechiness,acousticness,instrumentalness,liveness,valence,tempo,mode,time_signature
2020-12-28T00:00:00Z,https://i.scdn.co/image/ab67616d0000b2731702d82949d5ec67add22e70,640.0,640.0,spotify:album:5wxOkqHT4xGadN56TAzF09,Colossal Youth,1980,Young Marble Giants,spotify:artist:0tQ2Q4y9iUkKszxXyB14ZH,GBCEL0700250,1,157080,Choci Loni,spotify:track:1T2gM0hC8gfgG7UGkmPGHU,10,35,0.71,0.315,1,-14.719,0.213,0.944,0.81,0.084,0.364,166.169,1,4
2020-12-28T00:00:00Z,https://i.scdn.co/image/ab67616d0000b273ef277a6d3819ce7b81fc7760,640.0,640.0,spotify:album:7KQ7mXqZTuMRvQKeM3WTAw,Fargo Year 2 (Songs from the Original MGM / FXP Television Series),2016-03-25,White Denim,spotify:artist:0RdRumkn2UydUjqytNJ2Cp,USQX91600261,1,250293,Just Dropped In (To See What Condition My Condition Is In),spotify:track:1LHRk7kZ0mkCCOrU1MCz1W,11,44,0.764,0.744,2,-8.52,0.0327,0.195,0.000198,0.123,0.798,121.159,1,4
2020-12-28T00:00:00Z,https://i.scdn.co/image/ab67616d0000b27310067a38442cbf31571249e2,640.0,640.0,spotify:album:2jAxcrtHoGo7SNS0r27TKk,Love is All I Bring,2019-10-25,Althea And Donna,spotify:artist:5E8FbSTegbOlYAH4b2rZj2,GBAJE7700163,1,233973,Uptown Top Ranking,spotify:track:5Z5o8fRlFKwUPlC17B83dV,1,48,0.829,0.48,7,-8.634,0.162,0.164,0.0,0.0458,0.925,80.766,1,4
2020-12-28T00:00:00Z,https://i.scdn.co/image/ab67616d0000b27333c6f21ab00263515f0b0d6d,640.0,640.0,spotify:album:3Il1CWXA64e8gukuJZoj0e,One Two,2002-03-15,Sister Nancy,spotify:artist:21pMSs2JHWwwy2kp1QIIVB,USA2P0804886,1,225080,Transport Connection,spotify:track:2xBszUiaim5OAv534VxFUw,7,39,0.594,0.587,9,-6.813,0.287,0.673,2.18e-06,0.364,0.873,77.95,0,4
2020-12-28T00:00:00Z,https://i.scdn.co/image/ab67616d0000b273bc80caff36582593c27120c3,640.0,640.0,spotify:album:63FlYaIy0oT8gYdCxBqBNe,Pickled Eggs and Sherbet,1999-01-01,The All Seeing I,spotify:artist:0A0yu52zNGKe2rtr9wHfkD,GBANR9900075,1,209640,Beat Goes On,spotify:track:6IPFsG4OpNShJfJ4LoeJW0,3,42,0.734,0.602,10,-9.136,0.079,0.184,0.474,0.131,0.691,154.862,1,4
2020-12-28T00:00:00Z,https://i.scdn.co/image/ab67616d0000b273e3a5fabea4b73cb788f68724,640.0,640.0,spotify:album:3L1BuUrd1OyiN83CXXWO3x,Jonny Greenwood Is the Controller,2007-03-06,Marcia Aitken,spotify:artist:24II60UJj3zxZEY587JvjB,GBAJE7800203,1,427653,I'm Still In Love,spotify:track:12zAYoDRObMeQsibcZfh1N,3,34,0.745,0.575,7,-7.508,0.0611,0.217,5.5e-05,0.0807,0.794,80.851,1,4
2020-12-28T00:00:00Z,https://i.scdn.co/image/ab67616d0000b273e7ae0d7423eb3ec9550bf729,640.0,640.0,spotify:album:73x8Jqx5ReE5UzMBXGryMw,Walking the Midnight Streets,2012-11-13,Midnight Magic,spotify:artist:3KuNrap7xPWVJCyBHAE4le,TCABK1208731,1,322427,Beam Me Up,spotify:track:2XjsalSanX3zAKEBYJEJ02,2,52,0.801,0.66,1,-8.125,0.0492,0.051,0.0567,0.0479,0.884,109.944,1,4
2020-12-28T00:00:00Z,https://i.scdn.co/image/ab67616d0000b27351ff39385e22d26e168a7afa,640.0,640.0,spotify:album:2rWBGF3pKx8Jla9VYMQ8Xc,Frank,2003,Amy Winehouse,spotify:artist:6Q192DXotxtaysaqNPy5yR,GBAAN0300474,1,301000,Help Yourself,spotify:track:5TImISmK9CQtBrt0rLbq0R,12,51,0.782,0.481,6,-6.684,0.0315,0.0386,0.000702,0.0364,0.728,88.011,0,4
2020-12-28T00:00:00Z,https://i.scdn.co/image/ab67616d0000b273d512416590b5fadf8dbf87b0,640.0,640.0,spotify:album:7moeasHrdO4gtA9gierUQ7,Something,1970,Shirley Bassey,spotify:artist:090VebphoycdEyH165iMqc,USEM39400066,1,207333,Light My Fire - 1994 Remaster,spotify:track:2RxYGOHMSm6nc9q9xyLtYq,8,50,0.386,0.607,2,-8.805,0.0437,0.201,0.000264,0.116,0.528,183.912,0,4
2020-12-28T00:00:00Z,https://i.scdn.co/image/ab67616d0000b2733af06068b2ab5e134c4c7067,640.0,640.0,spotify:album:3R2TOuSPrGi3jNafJNFixD,The Odd Couple,2008-03-18,Gnarls Barkley,spotify:artist:5SbkVQYYzlw1kte75QIabH,USAT20801041,1,195467,Who's Gonna Save My Soul - Original Mix,spotify:track:4qiBDlMzW2vTK8dJKw7xD3,2,45,0.806,0.604,10,-8.532,0.062,0.211,0.000138,0.0948,0.604,85.002,0,4
2020-12-28T00:00:00Z,https://i.scdn.co/image/ab67616d0000b273c5ced64471006ff9019297ac,640.0,640.0,spotify:album:0kAWXTJQxxH4PLJ4E39WzS,Cosmic Funk & Spiritual Sounds: The Flying Dutchman Masters,2012-09-24,Lonnie Liston Smith and the Cosmic Echoes,spotify:artist:6EMR9xUcwYHrvpiSZKtN2c,USRC17501667,1,365600,Expansions,spotify:track:2moYXwKFCDxZto4Jr37cAr,1,45,0.543,0.617,5,-14.073,0.0479,0.118,0.00721,0.295,0.903,126.65,0,4
2020-12-28T00:00:00Z,https://i.scdn.co/image/ab67616d0000b2736f9dd97171a383e798190ba1,640.0,640.0,spotify:album:7unC5ENeNHJljlKtLQyseE,Bass Culture,1980-01-01,Linton Kwesi Johnson,spotify:artist:0bvRYuXRvd14RYEE7c0PRW,GBAPA8000036,1,326373,Inglan Is A Bitch,spotify:track:3GCMoKi9KDq7UXmsClqfIQ,5,53,0.885,0.305,7,-15.75,0.429,0.0556,5.08e-05,0.0776,0.575,137.506,1,4
2020-12-28T00:00:00Z,https://i.scdn.co/image/ab67616d0000b273240c453ba41b82735fa1c233,640.0,640.0,spotify:album:5WAIQrdBswl6U8nFlAw6US,Manhattan Special,2020-04-24,Onyx Collective,spotify:artist:2Bgj9IzoI7ASgjBkQttakf,QM4TX2099684,1,301767,My Favorite Things,spotify:track:7BhHAftdMM9EtmxkOQflHO,5,39,0.575,0.67,4,-8.479,0.047,0.0279,0.89,0.115,0.451,135.709,0,4
2020-12-28T00:00:00Z,https://i.scdn.co/image/ab67616d0000b273704f8b7979a535dbaa46a5d4,640.0,640.0,spotify:album:7ycG05oTUchKzHEEfNrpef,Connections,1980,Richie Havens,spotify:artist:4Qk0lWGeXydDvfrDufDQ9p,USEE10185242,1,303573,Going Back to My Roots,spotify:track:6PFsub5iIJwrBb8qBRqmiV,6,49,0.669,0.816,11,-10.759,0.0336,0.396,0.0383,0.162,0.881,120.39,0,4
2020-12-28T00:00:00Z,https://i.scdn.co/image/ab67616d0000b273544b07943fe38318d3020739,640.0,640.0,spotify:album:0IyZknaNkubSK09IV7SE5P,Blast Off Through the Wicker,2017-07-14,Art Feynman,spotify:artist:6XlzzwOhKSberPLmwDEmkc,US78L1716204,1,459644,Feeling Good About Feeling Good,spotify:track:01p0lvcsH28Rmeu5uvSOU2,4,38,0.63,0.889,2,-5.851,0.0324,0.0101,0.24,0.102,0.771,131.032,1,4
2020-12-28T00:00:00Z,https://i.scdn.co/image/ab67616d0000b2739fb3b418c4b27cd3f75fe112,640.0,640.0,spotify:album:0AZIpjuxWMjxlJZuGDRO4g,Lescop,2012-01-01,Lescop,spotify:artist:2KlDlqEMf0YyYW8rBKUx6W,FR9W11109681,1,283773,La Forêt,spotify:track:2JvYSUbSUqawKyfLSF25GJ,1,45,0.862,0.465,7,-5.733,0.0691,0.00432,0.666,0.1,0.722,132.033,1,4
2020-12-28T00:00:00Z,,,,spotify:album:5dYFjeLbwJNaTJWTuKt6Y3,Il Meglio,1996-06-07,Belle Epoque,spotify:artist:29r633A8MJhwlkoljEf1L0,ITA617703494,1,439107,Miss Broadway,spotify:track:3vZKrLFVKb3bh90D1w6QMP,2,41,0.851,0.366,8,-13.164,0.0394,0.339,0.0134,0.0834,0.955,109.261,0,4
2020-12-28T00:00:00Z,https://i.scdn.co/image/ab67616d0000b273633c04118b43d201581e3328,640.0,640.0,spotify:album:3enoBBhSA6i2pXEP8rjAWY,Hums Of The Lovin' Spoonful,1966-11,The Lovin' Spoonful,spotify:artist:7CCn4PFRRRZF127jtCBAUe,USBR10300023,1,161307,Coconut Grove - 2003 Remaster,spotify:track:7KhqTPA2HROMOeOlAyPxZo,8,41,0.448,0.0729,11,-20.502,0.0505,0.965,0.000484,0.0981,0.341,106.583,0,3
2020-12-28T00:00:00Z,https://i.scdn.co/image/ab67616d0000b273032e395e4a79caf92cc924c9,640.0,640.0,spotify:album:7qlZpMib7D0riFPQ5JHDT8,Maxinquaye,1995-01-01,Tricky,spotify:artist:6hhA8TKRNryM8FNzqCqdDO,GBANY9500049,1,339893,Black Steel,spotify:track:52QqxUwMHSmeDZlZBABefY,3,53,0.443,0.813,9,-9.066,0.0819,0.00673,0.0177,0.0983,0.735,169.969,1,4
2020-12-28T00:00:00Z,https://i.scdn.co/image/ab67616d0000b273b119a4e5efb690db7269af1b,640.0,640.0,spotify:album:3s7QkjKcFtAlOpvYAQoG2i,Mio Fratello E' Figlio Unico,1976-09-01,Rino Gaetano,spotify:artist:5RRPSRJpISAWEPOeSfYuhV,ITB008400549,1,301667,Sfiorivano le viole,spotify:track:4UqKJx2oFJvgLIBrBV82Ou,2,55,0.482,0.503,2,-11.896,0.308,0.0728,0.000503,0.0874,0.514,81.385,1,4
2020-12-28T00:00:00Z,https://i.scdn.co/image/ab67616d0000b2735817f34d2df8dd222b3c3ccb,640.0,640.0,spotify:album:70BFXizdIsaN8R5QXWBalh,and the Anonymous Nobody...,2016-08-26,"De La Soul, Damon Albarn","spotify:artist:1Z8ODXyhEBi3WynYw0Rya6, spotify:artist:0O98jlCaPzvsoei6U5jfEL",GBWWP1601869,1,341068,Here In After,spotify:track:52oUzfxho50UWNHto99bv8,16,1,0.685,0.579,4,-10.39,0.0498,0.0702,0.0474,0.0539,0.574,79.973,0,4
2020-12-28T00:00:00Z,https://i.scdn.co/image/ab67616d0000b273de9f23932f8388fd605f325c,640.0,640.0,spotify:album:3nO9UG5NPZ04icquDkeYeK,Alberto Balsalm,2016-06-24,Dungen,spotify:artist:5d7hcYqz8bVY6Kt3bhjd3d,QMV8L1623101,1,286602,Alberto Balsalm - Aquarium Drunkard’s Lagniappe Session,spotify:track:725V6ZzHRvPmi9cOqpf8rE,1,30,0.58,0.56,10,-10.15,0.0309,0.653,0.916,0.0996,0.34,97.128,1,4
2020-12-28T00:00:00Z,https://i.scdn.co/image/ab67616d0000b273077be8f35b17ec2adc4212fb,640.0,640.0,spotify:album:4F0zRJTpOsSvHQdtqdw6h5,"Gentlewoman, Ruby Man",2017-01-13,"Flo Morrissey, Matthew E. White","spotify:artist:3qM2kgxt87sXgP2ytxZZv2, spotify:artist:58mMrwemoGIcDpvfHe46u4",USYAH1600164,1,374993,Govindam,spotify:track:1mGrcQinPUdMKC3l7qjT0l,10,36,0.271,0.705,7,-8.668,0.0403,0.0245,0.0106,0.274,0.468,99.799,1,4
2020-12-28T00:00:00Z,https://i.scdn.co/image/ab67616d0000b2731bd6d2d52810efdfee21b608,640.0,640.0,spotify:album:3Can2qB9S1pOcElpkfExB1,Face Your Fear,2017-10-27,Curtis Harding,spotify:artist:0CUpzKPDfIVzYqMn47jiV3,USEP41726002,1,234333,Face Your Fear,spotify:track:1wK02f0hF4SzTSkVW9fHXo,2,38,0.632,0.598,5,-9.391,0.0397,0.235,0.293,0.318,0.731,153.87,0,4
2020-12-28T00:00:00Z,https://i.scdn.co/image/ab67616d0000b273b48c55039510ea6404bc00fc,640.0,640.0,spotify:album:5Z9PFCSkcE5aWtRglrEtZg,Mind Your Own Business,2019-08-05,Automatic,spotify:artist:3uX1tstdmFJyxW9b5mSNlU,US2S71910046,1,190531,Mind Your Own Business,spotify:track:1a1dCIGrUjNY4O9eD8bkPy,1,29,0.709,0.582,0,-5.337,0.0386,7.63e-05,0.519,0.0934,0.645,131.081,0,4
2020-12-28T00:00:00Z,https://i.scdn.co/image/ab67616d0000b273794b00bd1cc9850112fdd295,640.0,640.0,spotify:album:1bR8FyDrADbNo6mn7W0zwu,The Link Is About to Die,2019-10-11,Los Bitchos,spotify:artist:07b9qW7pabKGO29JPWXn9m,TCAEL1958270,1,228653,The Link Is About to Die,spotify:track:2tbbQfENfWDAbIz0OyiUa2,1,47,0.606,0.862,11,-3.567,0.0381,0.0738,0.937,0.0628,0.959,126.083,0,4
2020-12-28T00:00:00Z,https://i.scdn.co/image/ab67616d0000b2734e9972567bbe45610c51aba2,640.0,640.0,spotify:album:7nJc2yklxZ212HmRZyCKvx,The Demis Roussos Magic,2016-06-17,Demis Roussos,spotify:artist:0J9mbwg4BquN4XlHzdMK3X,FRZ037603260,1,250027,I Dig You,spotify:track:0ZFc8gvKBVCfCQ8MlldT2B,5,18,0.531,0.886,11,-7.849,0.0533,0.138,0.05,0.314,0.861,116.121,1,4
2020-12-28T00:00:00Z,https://i.scdn.co/image/ab67616d0000b273cab7a1beb1ef995b31630ee1,640.0,640.0,spotify:album:7a129X2pYyMqHFfpKidRtr,Orbital,1991-01-01,Orbital,spotify:artist:3csPCeXsj2wezyvkRFzvmV,GBANB9100001,1,490680,Belfast,spotify:track:2CH4mc6qWAI3ejAdqpON9B,10,51,0.523,0.706,0,-9.837,0.0465,0.000796,0.313,0.112,0.345,119.693,1,4
2020-12-28T00:00:00Z,https://i.scdn.co/image/ab67616d0000b273331aa13090559527aad5c084,640.0,640.0,spotify:album:275LyQkw1Be2dDfYo64bOX,That's the Joint,1980-01-01,Funky 4 + 1,spotify:artist:6Jpc1m4U7kxHlzn8hkB85C,GBAJE0502834,1,562227,That's the Joint,spotify:track:4E3ODD0mMJZ7iCddYGNZnS,1,35,0.846,0.952,1,-5.966,0.111,0.136,0.0,0.338,0.841,105.411,1,4
2020-12-28T00:00:00Z,https://i.scdn.co/image/ab67616d0000b273867d31ab700316ee51cf7301,640.0,640.0,spotify:album:7mSxdQ51fBhWdWd99nmVyb,Together,2013-02-12,"George, Gwen McCrae","spotify:artist:4PFp2IjH32lR1R6Z0QptD3, spotify:artist:742YR9ZgF0tCO5juBfvPAU",USBEN1359708,1,211138,The Rub,spotify:track:32ZowiNlljEWBBI0jdXdNy,8,33,0.753,0.595,2,-5.364,0.0473,0.184,6.13e-05,0.0827,0.64,110.748,1,4
2021-01-04T00:00:00Z,https://i.scdn.co/image/ab67616d0000b2732a2b0f09e6259fcfca304b52,640.0,640.0,spotify:album:02ayfOwf2rHWQoQoP4PCwQ,Pushin' Against A Stone,2013-01-01,Valerie June,spotify:artist:4QZdOCb3UacKbQ1ybDFAKM,GBGNS1201008,1,236347,Wanna Be On Your Mind,spotify:track:0sEkBF6SBgYoHTpJ7wfaXs,5,42,0.599,0.554,11,-6.607,0.0305,0.234,0.0253,0.213,0.799,150.609,0,4
2021-01-04T00:00:00Z,https://i.scdn.co/image/ab67616d0000b2732dc45b4ecdff2825f6bfbf6b,640.0,640.0,spotify:album:1YaUAkNsLKXtJfb0FVZcyu,New York - Addis - London: The Story of Ethio Jazz 1965-1975,1969,Mulatu Astatke,spotify:artist:7HGFXtBhRq3g1Ma3nH4Rgv,DEG930990130,1,253387,Yèkèrmo Sèw,spotify:track:4cGYXOl7T3q7oLFj4loAUc,1,48,0.622,0.528,3,-9.654,0.0311,0.27,0.722,0.0851,0.384,116.282,1,4
2021-01-04T00:00:00Z,https://i.scdn.co/image/ab67616d0000b27364c729c9de6ebccf252edbe9,640.0,640.0,spotify:album:4NIGwEvudtT3KZrYPymOmz,Transa,1972-01-01,Caetano Veloso,spotify:artist:7HGNYPmbDrMkylWqeFCOIQ,BRMCA7200155,1,365800,It's A Long Way,spotify:track:36Hhs5kUtEaz7m3MVhXoeC,4,52,0.532,0.522,11,-14.909,0.524,0.469,0.0123,0.106,0.295,156.194,0,4
2021-01-04T00:00:00Z,https://i.scdn.co/image/ab67616d0000b273bac8015c7e47644fb86e27e2,640.0,640.0,spotify:album:0qbl8aNaCUOvX8HGsZYLfh,Things Fall Apart,1999-02-23,The Roots,spotify:artist:78xUyw6FkVZrRAtziFdtdu,USMC19858725,1,285707,Dynamite!,spotify:track:71hXKEDaKHgYrn7kdLFpOx,6,47,0.888,0.457,8,-7.956,0.297,0.0291,0.0,0.159,0.644,94.047,0,4
2021-01-04T00:00:00Z,https://i.scdn.co/image/ab67616d0000b273a1e1b990066597bcec2a22fc,640.0,640.0,spotify:album:19pKu5ofuNB4Ge1jEF44aG,In Between (Edition Deluxe),2010-10-29,"Erik Truffaz, Sophie Hunger","spotify:artist:6U3cvMmHIab0CAGtC5tRY3, spotify:artist:3nOQJdlPEzFVhTEzxwcGax",CH4031000002,1,191773,Let Me Go ! (feat. Sophie Hunger),spotify:track:4WNnS2w4ySyiYZkcG8zQzR,2,47,0.592,0.444,0,-9.32,0.0276,0.909,0.0211,0.127,0.208,98.024,0,4
2021-01-04T00:00:00Z,https://i.scdn.co/image/ab67616d0000b273d6107d00a9d49d1edb2bc561,640.0,640.0,spotify:album:6PaBPB6A1duL6ejV1TnT6m,Home,1997,"Depeche Mode, Alan Moulder","spotify:artist:762310PdDnwsDxAQxzQkfX, spotify:artist:7cXiglYPsrmgecDTDTVFQC",GBAJH9700343,1,548307,Useless - Kruder & Dorfmeister Session,spotify:track:4UrB0G94zTw5OtQOYMsDhD,7,32,0.534,0.473,11,-10.787,0.13,0.243,0.756,0.116,0.672,94.884,1,4
2021-01-04T00:00:00Z,https://i.scdn.co/image/ab67616d0000b273dcd678d0ffcaf5fc2cf02e2f,640.0,640.0,spotify:album:1in9OlbNsLoJ8obUGhktxa,Django Django,2012-01-30,Django Django,spotify:artist:2ARO60gI5do88ho6azmzab,GBMVH1100370,1,289640,Firewater,spotify:track:2dRAXN5jOP0lPFjQuHItJr,4,40,0.714,0.725,9,-5.311,0.121,0.0148,0.0169,0.175,0.702,141.943,1,4
2021-01-04T00:00:00Z,https://i.scdn.co/image/ab67616d0000b2738a7e0d92929fba5a502df05b,640.0,640.0,spotify:album:7GRBnJXEk8YYBVdsQTDW11,Roots Controller,2002,Misty In Roots,spotify:artist:0LG78C5Mu1X0GpyqrjiTJd,GBCPA0701203,1,278693,Man Kind,spotify:track:2nXrbCG4XXr7AD2v3tTtxP,12,37,0.868,0.696,9,-6.122,0.0655,0.00254,0.0545,0.533,0.905,117.654,0,4
2021-01-04T00:00:00Z,https://i.scdn.co/image/ab67616d0000b27343d446ce75eeb6993a6bd811,640.0,640.0,spotify:album:3YkgbENywpHkRQlzT2y3aR,Sou Ni Tile,1998-01-01,Amadou & Mariam,spotify:artist:3KH7WsR2JZQ94Ik8SyabU6,FRZ029702480,1,316880,Je pense à toi,spotify:track:53AU0RJlfFTofiu0uZZSIf,1,59,0.674,0.386,11,-11.659,0.0272,0.739,0.00248,0.158,0.843,106.356,0,4
2021-01-04T00:00:00Z,https://i.scdn.co/image/ab67616d0000b27347929d40f40766d98dcf712c,640.0,640.0,spotify:album:2fcWBw5i4cMglZJ0K0FXVf,The Definitive Collection,2008-09-02,Femi Kuti,spotify:artist:6kgrtA0dlnVpWB6zjpXrRb,USRH20214007,1,366160,Water No Get Enemy feat. D'Angelo and Macy Gray,spotify:track:32zyXn9rExnIp3ewwvjmaj,6,31,0.785,0.745,8,-9.411,0.0733,0.289,0.161,0.128,0.795,99.329,1,4
2021-01-04T00:00:00Z,https://i.scdn.co/image/ab67616d0000b2736b510ae6c3958de83a26bafe,640.0,640.0,spotify:album:5fdEbzYLpNsEfo6YINGwch,Molecules,2018-08-31,Sophie Hunger,spotify:artist:3nOQJdlPEzFVhTEzxwcGax,CHD581800011,1,232049,I Opened A Bar,spotify:track:6zt4HWnIFLi4BvASHEJTtK,6,43,0.771,0.744,7,-8.426,0.0394,0.0194,0.0164,0.103,0.695,113.957,1,4
2021-01-04T00:00:00Z,https://i.scdn.co/image/ab67616d0000b273120770c4fc03e8f4ef570a0d,640.0,640.0,spotify:album:78DxeidxyWA1ojkxaK1B6F,East and West + Live In Japan,2004,Anna Domino,spotify:artist:4RozeU8Gb3RQ9qqsEbf3JT,GBHBR0401059,1,295960,With the Day Comes the Dawn,spotify:track:3XLfKibGaRcX1vOeQLCOYT,1,33,0.658,0.475,6,-12.294,0.0316,0.91,0.0647,0.211,0.726,150.492,0,4
2021-01-04T00:00:00Z,https://i.scdn.co/image/ab67616d0000b2732296289fb7ad35d731710614,640.0,640.0,spotify:album:2s6yCzPpJqOxXOeREwKza7,The Legendary Marvin Pontiac - Greatest Hits,2006-05-30,Marvin Pontiac,spotify:artist:7yR2fkvWz02Bkn0bEiJpDx,USSBM0101805,1,221533,Runnin' Round,spotify:track:0BKciweLQPwJAkc8IqIB2q,5,37,0.598,0.509,9,-9.719,0.0269,0.593,0.0503,0.0898,0.832,101.227,1,4
2021-01-04T00:00:00Z,https://i.scdn.co/image/ab67616d0000b27347ee1d155222cd13cc9d64cd,640.0,640.0,spotify:album:70V1kL7w7Q9pDU4I6zDjYE,The Colour of Spring,1986,Talk Talk,spotify:artist:7Fo8TAyGJr4VmhE68QamMf,GBAYE9701948,1,390693,Happiness Is Easy - 1997 Remaster,spotify:track:3wowK80ug94yqlI86A9Ej9,1,53,0.699,0.407,5,-12.58,0.0548,0.0214,0.0694,0.0393,0.922,106.948,0,4
2021-01-04T00:00:00Z,https://i.scdn.co/image/ab67616d0000b2731bd967b3261e9b31c47bd735,640.0,640.0,spotify:album:0fU1Q7UFdI7ELZZOpXGpm6,Kasam Paida Karnewale Ki,1984-11-23,Salma Agha,spotify:artist:7liaWSL1uPVjIrnYSFDB6V,INH100364750,1,331841,Come Closer,spotify:track:28RdTl2jUo7mIAzhfrcceL,1,15,0.539,0.535,4,-7.606,0.0321,0.879,0.015,0.333,0.606,94.772,0,4
2021-01-04T00:00:00Z,https://i.scdn.co/image/ab67616d0000b273bdbe3b0c6ee2485a695cc6e9,640.0,640.0,spotify:album:1asJEXkXl2cTW9WI52kS3L,Best Of The Essential Years: Astrud Gilberto,2012-06-07,Astrud Gilberto,spotify:artist:5rX2c1zow6hCph8PnnU3kF,GBHQC0545078,1,184459,Black Magic (A Gira),spotify:track:3SkkGTYTHurS3rZvpkGMyS,9,36,0.766,0.658,7,-14.332,0.0748,0.369,0.0,0.102,0.934,103.134,1,4
2021-01-04T00:00:00Z,https://i.scdn.co/image/ab67616d0000b273bcf2e51e254b5bdd336c6cd9,640.0,640.0,spotify:album:1Z69PSnbIBojgF9NBJbKca,Mala,2013-03-08,Devendra Banhart,spotify:artist:1YZEoYFXx4AxVv13OiOPvZ,USNO11200493,1,155067,Für Hildegard von Bingen,spotify:track:2CG6feguaKMR3C4zCMjDNR,3,50,0.864,0.397,11,-12.779,0.121,0.363,0.5,0.114,0.432,95.019,0,4
2021-01-04T00:00:00Z,https://i.scdn.co/image/ab67616d0000b273746f0caf69e0973efe6f9896,640.0,640.0,spotify:album:1tGD7F5QarewUJKxRH2oYB,Türkülerimiz 2 - Mehmet Emmi,1996,Selda Bağcan,spotify:artist:2NGRETzxjeN4b9o3OGY6Yn,TR-734-08-00186,1,166400,Yaz Gazeteci Yaz,spotify:track:6YixzDiJA4asJwEcY7xUdI,1,40,0.715,0.339,4,-19.189,0.284,0.977,0.0166,0.2,0.366,93.658,0,4
2021-01-04T00:00:00Z,https://i.scdn.co/image/ab67616d0000b27366af88ded1a974a0b7b3628c,640.0,640.0,spotify:album:0o40a3pdrWR6xR2ok9PLkI,The Inspirational Sounds Of Mad Professor,1999,Mad Professor,spotify:artist:3hbnUwHvxyFxeJ9veCzOE7,USA560447919,1,310307,Fast Forward Into Dub,spotify:track:5ciOp5Z8FPIY3Khb28VskQ,7,35,0.911,0.555,9,-9.892,0.0518,0.000471,0.0571,0.0871,0.933,114.639,1,4
2021-01-04T00:00:00Z,https://i.scdn.co/image/ab67616d0000b273909fd1336b508c4d960e9d1b,640.0,640.0,spotify:album:2TPdPGLnu7JZsPT1Ngw7fz,The Deep Field,2011-04-12,Joan As Police Woman,spotify:artist:6PBv8t9YTLggA9ZMwpeoqj,BEP011000164,1,248240,The Magic,spotify:track:6C94exKB1sKdaxMrv79Agp,2,34,0.649,0.817,1,-6.204,0.0781,0.0933,0.162,0.259,0.826,77.305,1,4
2021-01-04T00:00:00Z,https://i.scdn.co/image/ab67616d0000b2734a48ee1c8147237d7a9b306b,640.0,640.0,spotify:album:5PnDcbOqZszAlzAB2tjTdD,It's Impossible,1976-10-08,Odetta,spotify:artist:2wkz8hACugzAvF0voupg3H,SEANF7600102,1,134213,Hit Or Miss - Live,spotify:track:2MUsTTGSu6IGcfCLHdtZfM,2,39,0.641,0.525,2,-11.433,0.284,0.864,0.00116,0.504,0.88,94.659,1,4
2021-01-04T00:00:00Z,https://i.scdn.co/image/ab67616d0000b273ade83ecf716bca15ff6d5f69,640.0,640.0,spotify:album:3CVAJttbUAuNcwbdKTFuQF,Deep Web,2020-03-06,Military Genius,spotify:artist:4l5ZEenS1GZ5udvtPD9SaO,GBVNV1900111,1,285000,L.M.G.D.,spotify:track:16Yd41R1G5KOG4PzsCfZzu,5,35,0.731,0.352,11,-12.262,0.0582,0.227,0.0241,0.34,0.507,169.991,1,4
2021-01-04T00:00:00Z,https://i.scdn.co/image/ab67616d0000b273b2584daa90667f5ca94eef81,640.0,640.0,spotify:album:5U7ovzAy1H5vydRxNNuSl1,Run Come Save Me,2001-08-01,Roots Manuva,spotify:artist:4sSSkVtrCTzENCgm2vokiY,GBCFB0101370,1,285773,Dreamy Days,spotify:track:74ZEiucPvI6jqYe3YxJwx6,17,36,0.689,0.892,9,-4.008,0.341,0.055,0.0,0.366,0.632,171.762,1,4
2021-01-04T00:00:00Z,https://i.scdn.co/image/ab67616d0000b273cfb7dd948213cd8c49453b43,640.0,640.0,spotify:album:6AoSTHrd6oEaeUYBEGdLTb,Moon Pix,1998-09-22,Cat Power,spotify:artist:6G7OerKc3eBO9sVkRNopFC,USMTD9828610,1,272200,Cross Bones Style,spotify:track:5Qhy5MYSkAMRVgTrABOlp7,10,40,0.515,0.641,6,-9.799,0.0425,0.775,0.0555,0.112,0.315,111.149,1,4
2021-01-04T00:00:00Z,https://i.scdn.co/image/ab67616d0000b273e96f2f90cae31455ce0dc30c,640.0,640.0,spotify:album:41qn4oxd4WFgz4JSBI9Ips,Beyond Skin,1999-06-21,Nitin Sawhney,spotify:artist:5NCKpzuowtihcIrIHFjKbJ,GBDYB9900025,1,307000,Nadia,spotify:track:6c05B0BTOJbDyRy5KLI7my,6,38,0.35,0.599,1,-10.519,0.079,0.111,0.00707,0.369,0.107,84.971,1,4
2021-01-04T00:00:00Z,https://i.scdn.co/image/ab67616d0000b27376d23bfbbb834996518d2771,640.0,640.0,spotify:album:3OwECAJvSnWASzC4HZpvHL,Shadows,2011-11-21,Floating Points,spotify:artist:2AR42Ur9PcchQDtEdwkv4L,GB4HG0900062,1,602500,Myrtle Avenue,spotify:track:44rPgj9ui5GLYkcFSDItYw,1,35,0.741,0.615,6,-14.987,0.0679,0.309,0.892,0.0948,0.066,114.998,0,4
2021-01-04T00:00:00Z,https://i.scdn.co/image/ab67616d0000b27376325e4086cddd085cf6dda6,640.0,640.0,spotify:album:47zAxwGvi23uYEItSkTRgY,Floating Harmonies,2016-07-08,Júníus Meyvant,spotify:artist:5IL5awl9gUcb2ez9IgmW26,ISV281600302,1,221920,Beat Silent Need,spotify:track:0x2su7mxfhOrYkwfT6t77d,2,35,0.779,0.637,4,-8.683,0.0624,0.0803,0.766,0.0672,0.775,106.101,0,4
2021-01-04T00:00:00Z,https://i.scdn.co/image/ab67616d0000b273b01071176cccd4d36712ad99,640.0,640.0,spotify:album:2ml9nlOJBTt077bvaZGXxv,Storbyens Små Oaser [Remastered],1977,C.V. Jørgensen,spotify:artist:77fc8T3xc15DmT593kRnh4,DKABA1200098,1,259133,Bellevue - 2011 - Remaster,spotify:track:2jMWu4jAs2nAkAI8e4QQGA,8,44,0.509,0.635,7,-10.064,0.0312,0.0166,5.93e-05,0.109,0.545,96.28,1,4
2021-01-04T00:00:00Z,https://i.scdn.co/image/ab67616d0000b273a8404b99aeafe2814a91f7d4,640.0,640.0,spotify:album:4tOCS9pb03eCyXWkIR07Vr,The Silver Globe,2014-10-20,Jane Weaver,spotify:artist:1UrfmsMDKHSYXj7SaPjyWL,GBRNP0701199,1,322608,Mission Desire,spotify:track:0aNzQJhEzaqtPuGGLgGLPl,7,30,0.297,0.676,9,-9.022,0.0389,0.00346,0.0332,0.45,0.251,172.01,0,4
2021-01-04T00:00:00Z,https://i.scdn.co/image/ab67616d0000b27322c97f535a82b6509b7f9b11,640.0,640.0,spotify:album:12AL1C0jglsaMYHwTsvA7w,Kiko,1992,Los Lobos,spotify:artist:6OWapcJm9xd55ci9CYbAuT,USWB10900790,1,215560,Kiko and the Lavender Moon,spotify:track:2JxHZfZM0ysnwPDefDl8Mz,5,44,0.793,0.447,7,-12.972,0.0574,0.212,0.00325,0.0874,0.498,148.083,1,4
2021-01-11T00:00:00Z,https://i.scdn.co/image/ab67616d0000b2731edbfc0e012f7380b830e96b,640.0,640.0,spotify:album:6LZhEbjp7j7a7zgsHFHcTa,ESG,2011,ESG,spotify:artist:4EF5vIcCYKMM61oYOG2Tqa,GBCKK1017503,1,169560,Moody,spotify:track:4mIV2brwH5Hu4yX6VN6qJQ,4,42,0.821,0.485,8,-11.841,0.0864,3.8e-05,0.712,0.0794,0.367,122.817,0,4
2021-01-11T00:00:00Z,https://i.scdn.co/image/ab67616d0000b27388edfa5fd8932884ddcb41a4,640.0,640.0,spotify:album:0NxPZv3nWPBMk1o51GfwEY,World Psychedelic Classics 4: Nobody Can Live Forever: The Existential Soul of Tim Maia,2012-10-01,Tim Maia,spotify:artist:0jOs0wnXCu1bGGP7kh5uIu,USLB10710003,1,366187,O Caminho Do Bem,spotify:track:20vupKwM82QPa58MqGmF9J,3,47,0.812,0.416,9,-10.998,0.0642,0.268,0.0978,0.115,0.893,107.993,0,4
2021-01-11T00:00:00Z,https://i.scdn.co/image/ab67616d0000b2735fa25f88c68c1c167ddc3d10,640.0,640.0,spotify:album:3bxJayV6Df1njG1jUnIXfs,Oracolo,2015-12-01,Skinshape,spotify:artist:1itM5tXaK5THggpXA7ovAe,GBLVL1500018,1,245534,Old Days,spotify:track:4IbOyE6i8PUcMkSzyOGRdL,3,42,0.245,0.713,10,-8.865,0.042,0.139,0.000307,0.17,0.521,83.519,0,3
2021-01-11T00:00:00Z,https://i.scdn.co/image/ab67616d0000b2731abefda9e5433471e771256b,640.0,640.0,spotify:album:2dFflKqTqqV1m9kyB6CAPE,Telegram,1996-11-25,"Björk, Dobie","spotify:artist:7w29UYBi0qsHi5RTcv3lmA, spotify:artist:7BHp7iGiMpbYpRCQ3NsLf4",USEE19689705,1,335493,I Miss You (Dobie Rub Part One) - Sunshine Mix,spotify:track:1E9uIzPJCObTg9AhUvrGFj,5,39,0.752,0.496,1,-9.602,0.0573,0.00905,0.000693,0.182,0.383,92.992,1,4
2021-01-11T00:00:00Z,https://i.scdn.co/image/ab67616d0000b273a44208a378980c8018f98767,640.0,640.0,spotify:album:1mrLNKREBK9uNYVpIQcf9q,Triple Zero +,2001-03-19,"Le Peuple de L'Herbe, Sir Jean","spotify:artist:3TQ7yQyNz2JvOXqiO5Tpz2, spotify:artist:4SkHS4kCrdABhw4KLVrOz0",BEP010490016,1,230160,Ph Theme,spotify:track:7aIbutVKl4GiyLBxMAZtY1,2,41,0.805,0.538,11,-9.189,0.0986,0.361,0.669,0.44,0.346,86.805,0,4
2021-01-11T00:00:00Z,https://i.scdn.co/image/ab67616d0000b273220687a29baab0f59cd556e0,640.0,640.0,spotify:album:1piwOhCQ92jysdChq3IRz9,Caetano Veloso - 1969,1969-01-01,Caetano Veloso,spotify:artist:7HGNYPmbDrMkylWqeFCOIQ,BRUM70601114,1,255440,The Empty Boat - Remastered 2006,spotify:track:5WrDIWli1pRknySAN9Ieu8,2,40,0.218,0.522,5,-8.78,0.0326,0.0673,9.47e-06,0.125,0.429,74.584,1,4
2021-01-11T00:00:00Z,https://i.scdn.co/image/ab67616d0000b273cc9c8da874cc0aa82d67f7b2,640.0,640.0,spotify:album:1NuMP2jrBeyxR3MqwengWD,Nuova Napoli,2018-05-01,Nu Guinea,spotify:artist:6VFE6DrxWWSqPpd6w0y0zF,DE7Z21800001,1,218322,Nuova Napoli,spotify:track:0uRqRurUALc3zMnQbFokpe,1,42,0.688,0.731,2,-8.083,0.0513,0.378,0.374,0.091,0.968,159.621,1,4
2021-01-11T00:00:00Z,https://i.scdn.co/image/ab67616d0000b27309059687d2f9ab16c9b9c167,640.0,640.0,spotify:album:70dZnG0Bfa3a0GZKGzhTaa,To Know Without Knowing,2020-07-03,"Mulatu Astatke, Black Jesus Experience","spotify:artist:7HGFXtBhRq3g1Ma3nH4Rgv, spotify:artist:4zoaPormj8VuScjdQX9Rh4",AUA731800028,1,380419,Mulatu,spotify:track:0LhzIa0cXP8DJEs1nOCXZG,1,46,0.563,0.556,6,-10.069,0.105,0.177,0.0634,0.11,0.795,131.979,1,4
2021-01-11T00:00:00Z,https://i.scdn.co/image/ab67616d0000b2739b6e270fb7770d9b2e0b5fb0,640.0,640.0,spotify:album:3eFHSj92hUa4efE4f4I3qY,Anthology 1970-1974,1994-10-18,War,spotify:artist:3ICyfoySNDZqtBVmaBT84I,USRHD0703057,1,203427,Ballero,spotify:track:5iEkTQq8fl2FWmwOv6wD7E,16,39,0.745,0.712,9,-11.675,0.0326,0.45,0.664,0.359,0.724,122.595,1,4
2021-01-11T00:00:00Z,https://i.scdn.co/image/ab67616d0000b273fe4df7be084a604837bfe934,640.0,640.0,spotify:album:3dmkH0MnFScU9uB1naCAms,The Individualism Of Gil Evans,1964-01-01,Gil Evans,spotify:artist:7g9DeYASD3RzlT4kDchsQZ,USPR36301924,1,395293,Las Vegas Tango,spotify:track:1IEbtXrHgN37lTQi9Byx6g,3,39,0.301,0.459,9,-13.618,0.0365,0.129,0.0166,0.12,0.287,95.846,0,4
2021-01-11T00:00:00Z,https://i.scdn.co/image/ab67616d0000b273e3906320005ee9e0a683a012,640.0,640.0,spotify:album:7xZrTkvBd7VJ8V4LU0Q816,Jonwayne is Retired,2015-04-28,"Jonwayne, Anderson .Paak","spotify:artist:3i7IUsb5VsiJAKqX2Md9Fc, spotify:artist:3jK9MiCrA42lLAdMGUZpwa",US25X1088069,1,292787,Green Light,spotify:track:5PycJHxshGJkLaNm9TV9xk,4,47,0.789,0.45,8,-9.628,0.401,0.0551,0.00369,0.157,0.593,141.102,0,4
2021-01-11T00:00:00Z,https://i.scdn.co/image/ab67616d0000b273085b8dd2bebd2aaac895c78e,640.0,640.0,spotify:album:18XFe4CPBgVezXkxZP6rTb,The Score (Expanded Edition),1996-02-13,Fugees,spotify:artist:2WKdxPFRD7IqZvlIAvhMgY,USSM10412751,1,260000,Fu-Gee-La - Refugee Camp Global Mix,spotify:track:4UDTrYv5vpFEzFDnU4sjSb,17,42,0.734,0.365,1,-15.092,0.411,0.277,0.0,0.0501,0.574,88.116,1,4
2021-01-11T00:00:00Z,https://i.scdn.co/image/ab67616d0000b273d4fec31a74cf29c0a7d3fcb7,640.0,640.0,spotify:album:3Cf2EY1ZqcNH45Dacg8LZN,White Men Are Black Men Too,2015-04-04,Young Fathers,spotify:artist:5mZC7ndY6oGMxJentRwsuV,GBCFB1500601,1,249706,Shame,spotify:track:4wmWBq6EPE5kP8BxektZ0z,2,10,0.521,0.844,0,-1.826,0.0346,0.00137,0.363,0.0955,0.741,158.969,1,4
2021-01-11T00:00:00Z,https://i.scdn.co/image/ab67616d0000b2739c76412f82ca47a7c442d0be,640.0,640.0,spotify:album:0sqETr5mwDf494FaWzjnGD,Keleketla!,2020-07-03,"Keleketla!, Coldcut, Tony Allen, Nono Nkoane, Thabang Tabane, Gally Ngoveni, Sibusile Xaba, Tamar Osborn, Tenderlonious, Dele Sosimi, Afla Sackey, Antibalas","spotify:artist:7jIuM7cuEe0bBfoNhISVXU, spotify:artist:5wnhqlZzXIq8aO9awQO2ND, spotify:artist:6JpZEemWmunccsrHXFUOgi, spotify:artist:6U6mRi1Ggv5x8ZMMVkpyUm, spotify:artist:2kJc29uqdxbvvH670LozXy, spotify:artist:1E99VOe0iWh1CMVBJ17sf6, spotify:artist:3UZ496XnQSGebDZ8jQqtIJ, spotify:artist:6HdadX6rv2g0EWghE5KkPj, spotify:artist:5D1w6T6H7pnRDQZIrhwlxo, spotify:artist:2HHFbP3OFh0bOgdnMYfqsc, spotify:artist:6HbtkYhKlvY9R1m2PkW6YS, spotify:artist:2KGF6IKZfVGCKfyqcNVGfh",GBCFB2000209,2,220000,International Love Affair - Edit,spotify:track:1xx5n38r2qNpNIBz1j6Ncu,2,40,0.653,0.872,4,-7.202,0.0386,0.0041,0.32,0.341,0.611,124.994,0,4
2021-01-11T00:00:00Z,https://i.scdn.co/image/ab67616d0000b273e93d13011cc02d5437b1e589,640.0,640.0,spotify:album:10x1NblWRhzz5QgZ2kth5X,Studio One Rockers,2001-01-01,Horace Andy,spotify:artist:2ieAXAuLe6qQ3RJsqCxpoC,GBHWT0500068,1,187373,Skylarking,spotify:track:5gWfOtADwI4dezyV5mw9SP,4,38,0.781,0.551,4,-8.991,0.0906,0.281,3.84e-06,0.187,0.923,79.362,0,4
2021-01-11T00:00:00Z,https://i.scdn.co/image/ab67616d0000b27330403db3461711cf9535e360,640.0,640.0,spotify:album:1TesWPfG3gsaFJBzL5tdt8,Sofrito: International Soundclash,2012-07-23,Lord Shorty & Vibrations International,spotify:artist:1gCFPv80rAZy4tlG4tHJPX,DEG931290115,1,243028,Vibrations Groove,spotify:track:60R7uIKCOcEjIDBbeC4epR,1,36,0.662,0.585,8,-9.381,0.192,0.522,0.000113,0.345,0.829,136.477,1,4
2021-01-11T00:00:00Z,https://i.scdn.co/image/ab67616d0000b2732c3aa6316de6def58a83855e,640.0,640.0,spotify:album:0m1RgvoI6QyGACkazXV5Th,Ninja Tuna,2008-09-22,"Mr. Scruff, Alice Russell","spotify:artist:2B0PgHZi2zaDqjKe86Gaip, spotify:artist:1ga4lWS7NtKo4r9jNSWumc",GBCFB0800206,1,328467,Music Takes Me Up,spotify:track:3uJJTLQ4Jq4qX4xSmlDotX,2,40,0.66,0.809,4,-8.65,0.0359,0.0752,0.00402,0.114,0.51,97.378,0,4
2021-01-11T00:00:00Z,https://i.scdn.co/image/ab67616d0000b273b4366f768b0f60812701ae85,640.0,640.0,spotify:album:3vcEuGjhuMh3BKNWYBFFqy,La Cuna,1979,Ray Barretto,spotify:artist:2h4ndKS2vRWeFLpq8ARu0D,USSM17900044,1,514867,Pastime Paradise,spotify:track:36LpijZOR2wl2hGmVL1EN0,5,43,0.489,0.825,5,-13.396,0.0344,0.373,0.165,0.0932,0.919,108.08,0,4
2021-01-11T00:00:00Z,https://i.scdn.co/image/ab67616d0000b27349c6034e68cb5920d3687768,640.0,640.0,spotify:album:063A4uu6dGL4cGspFnklJv,Trustmaker,1974-02-07,The Tymes,spotify:artist:0a1BmEq1mZ5ufKMC2fsziR,USRC11000950,1,557080,Are You Lookin',spotify:track:7dLqWHXGuj7meA2vBPJ6lk,4,36,0.448,0.54,5,-10.482,0.0378,0.194,0.0,0.092,0.5,147.616,0,4
2021-01-11T00:00:00Z,https://i.scdn.co/image/ab67616d0000b2735f8d8959df4e2137c06e5ce2,640.0,640.0,spotify:album:6596v0UXYCba7BBlOapwdN,Trouble (Bonus Track Version),2014-01-27,Hospitality,spotify:artist:6xgfDCWKp5rIIO7sllJ6us,USMRG1447102,1,214135,Going Out,spotify:track:6sIvnxXHXG2evHPVFk44Dt,2,31,0.781,0.487,11,-8.583,0.0277,0.00663,0.164,0.133,0.786,105.997,0,4
2021-01-11T00:00:00Z,https://i.scdn.co/image/ab67616d0000b273bc74673c29ed5a83da344c7c,640.0,640.0,spotify:album:7duCIMjQ9LE5UjybZ0ZqoI,Billy Nomates,2020-08-07,Billy Nomates,spotify:artist:0QJaBD8Piha8IEwKtNpBOB,UKFGV2000020,1,178656,No,spotify:track:3lBiecVdyFqNIx4VFn1ijn,4,48,0.743,0.831,8,-7.533,0.0511,0.163,0.612,0.107,0.969,153.898,0,4
2021-01-11T00:00:00Z,https://i.scdn.co/image/ab67616d0000b2730ba41646bbef05b60e0a14ea,640.0,640.0,spotify:album:1OljO7oStiLQ8f1etN8S8U,You My Baby And I,1999-01-01,Alex Gopher,spotify:artist:0ADS8B9CUYtbFLvjT99Ktw,FRU540700054,1,274640,The Child,spotify:track:43sGFmqBOGGUmCu51nEU6K,3,43,0.865,0.865,1,-5.737,0.0461,0.0723,0.0165,0.109,0.705,107.89,1,4
2021-01-11T00:00:00Z,https://i.scdn.co/image/ab67616d0000b273756a312d8e10c28018d7c97f,640.0,640.0,spotify:album:5O3KMVn79NrkdKp1Y0Q82F,Late Night Tales Presents After Dark: Nocturne,2015-05-10,Adriano Celentano,spotify:artist:1yq9UuPp5DIb5w6eswGbKV,GB5EM1501483,1,286778,L’unica chance,spotify:track:2jn2Qvm0nY0SaNJIr05CeD,3,39,0.76,0.771,6,-6.691,0.0386,0.606,0.0003,0.152,0.946,103.822,0,4
2021-01-11T00:00:00Z,https://i.scdn.co/image/ab67616d0000b27378f3a39e22afb7797283f72c,640.0,640.0,spotify:album:58A0G1FfTqJGig0TWUjcU3,Enta Fen,2005-01-01,Soapkills,spotify:artist:6PRGhDtDWSgyw60WSfna8v,BE6F51500830,1,201987,Herzan,spotify:track:3P3f5t7hVpRSX6YSX64WrV,3,24,0.721,0.329,4,-10.363,0.0536,0.401,0.0762,0.131,0.332,77.496,0,4
2021-01-11T00:00:00Z,https://i.scdn.co/image/ab67616d0000b273b88d004e30bbeed1bbb259b4,640.0,640.0,spotify:album:2C9YDg1G8rWpdttTNj3ObI,Dread Beat An' Blood,1990-01-01,"Poet and The Roots, Dennis Bovell","spotify:artist:4lUJWidvmOglAOg8cz0zyj, spotify:artist:0xJuAKhVgEfuiEXjyLEuC6",GBAAA9000583,1,269760,Five Nights Of Bleeding - 1990 Digital Remaster,spotify:track:62e2BChEvidEogSVZPrYqO,2,39,0.846,0.315,8,-17.628,0.452,0.0172,0.000651,0.0819,0.738,74.522,1,4
2021-01-11T00:00:00Z,https://i.scdn.co/image/ab67616d0000b27381d89e90be90aa524001f2eb,640.0,640.0,spotify:album:3JhOl3DYQJztgs9IsYwZed,Livin',2020-01-24,Jetta,spotify:artist:51V0E9ipJyIj7yFDkaLx96,GBSXS1900202,1,193773,Livin',spotify:track:74EstJT7UndOgg32a4rO09,1,44,0.745,0.864,11,-6.107,0.0355,0.00717,0.295,0.121,0.473,130.045,0,4
2021-01-11T00:00:00Z,https://i.scdn.co/image/ab67616d0000b273821e50d9e586dcd28ab4ed98,640.0,640.0,spotify:album:5bqKVkdQjCLmMaaCvw9cm1,Dark Days + Canapés,2017-08-18,Ghostpoet,spotify:artist:69lEbRQRe29JdyLrewNAvD,GBENL1701853,1,239640,Many Moods at Midnight,spotify:track:1eR1jMmOTxusMc52VBomoV,2,34,0.514,0.819,9,-6.994,0.0622,0.0162,0.327,0.415,0.23,120.001,0,4
2021-01-11T00:00:00Z,https://i.scdn.co/image/ab67616d0000b27360a9dec8094206ac6a41e12e,640.0,640.0,spotify:album:4NL6PN6GkMqI7Ztz4iGPU6,"Alive! (Live At The Cliche' Lounge, Newark, New Jersey, 1970 / Remastered 2000)",1970,"Grant Green, Ray Blair","spotify:artist:6dAtGAnHCQ1ujMUZ9Ep82k, spotify:artist:2D3XOzloX98FKjvCa9inP1",USBN20000720,1,658333,"Sookie Sookie - Live At The Cliche' Lounge, Newark, New Jersey, 1970 / Remastered 2000",spotify:track:6i9Uhx8fUHQu9aHXCjiu7B,4,41,0.721,0.511,1,-12.223,0.0334,0.523,0.9,0.142,0.882,125.829,1,4
2021-01-11T00:00:00Z,https://i.scdn.co/image/ab67616d0000b27310131cb4f6637840b7a1b21d,640.0,640.0,spotify:album:4yWDx6ViBAmBbT8WGp8jot,Man Mountain,2002,Blue States,spotify:artist:2wlTl7AyP0icYtAsmPylw6,GBBKS0200466,1,255147,Season Song,spotify:track:16kbTM2ZnCDCDTHcM1aTcn,7,33,0.574,0.88,2,-7.045,0.035,0.0208,0.0287,0.193,0.857,96.008,0,4
2021-01-11T00:00:00Z,https://i.scdn.co/image/ab67616d0000b273e6ce3c14a85f0e2962fa4c1e,640.0,640.0,spotify:album:6Dm9F6WuFAbYrevLFAfyfZ,Anima latina,1974,Lucio Battisti,spotify:artist:2caOYPej26UoQOyFnzXW3G,ITB001700604,1,397587,Anima latina,spotify:track:6XOguNHu0tyQRFhPqoBFeV,7,44,0.416,0.632,11,-11.967,0.0866,0.411,0.0022,0.0714,0.68,117.085,0,4
2021-01-18T00:00:00Z,https://i.scdn.co/image/ab67616d0000b2730927e8d8299223187f1d8d04,640.0,640.0,spotify:album:1LQlpOjLrnNvsqg6tosrYD,Is This Desire?,1998-01-01,PJ Harvey,spotify:artist:12VaqyEhgwDRuFfEqbnrpz,GBAAN9800304,1,241493,The Wind,spotify:track:3CHfuMoubpCT39PBTvAWk9,3,54,0.66,0.658,11,-10.877,0.0308,0.139,0.738,0.0717,0.69,110.039,0,4
2021-01-18T00:00:00Z,https://i.scdn.co/image/ab67616d0000b273b31279aeab0784c8c2da8038,640.0,640.0,spotify:album:2FlDGXezVaILbnqmFIb2vU,Emilio Santiago (Remastered),1975-05-03,Emílio Santiago,spotify:artist:6quVEYAfHqHwpp8JujXBHt,BRCID7500013,1,169360,Brother (Remastered),spotify:track:4Yl76julSXlnnxl3oeVvmD,6,40,0.736,0.606,7,-8.608,0.0378,0.669,1.5e-05,0.0675,0.961,130.949,0,4
2021-01-18T00:00:00Z,https://i.scdn.co/image/ab67616d0000b27317ec8dde951e7a939eb4c037,640.0,640.0,spotify:album:2MbMJQctE97e6zF9h8X8cS,"Kiss, Cuddle & Torture Volume 1",2017-10-06,The Hempolics,spotify:artist:6gTdfUDImVBjuPjAHZGHUS,UK5KH1600002,1,204574,Me Love To Sing,spotify:track:0zbiazWau8UpMuQeawrjU3,6,35,0.756,0.621,1,-6.982,0.348,0.119,0.0,0.107,0.926,162.049,1,4
2021-01-18T00:00:00Z,https://i.scdn.co/image/ab67616d0000b27347e92d736f178e95bf50d3ed,640.0,640.0,spotify:album:4FsWNGbkeZtMD1BWXhIvRk,Night Beat,1963-08,Sam Cooke,spotify:artist:6hnWRPzGGKiapVX1UCdEAC,USRC16306961,1,131707,Lost and Lookin',spotify:track:34EltYEPxM1kwzfvi7PUU9,2,45,0.348,0.134,0,-10.768,0.0366,0.86,0.0,0.111,0.2,174.39,1,3
2021-01-18T00:00:00Z,https://i.scdn.co/image/ab67616d0000b273154a4d6246db7a22a6455f0c,640.0,640.0,spotify:album:4CYV21O0p6HiWqqHO90Ovg,Crab Day,2016-04-15,Cate le Bon,spotify:artist:0LZac5VicY19QLaIUvIB0G,US58L1665302,1,181653,Love Is Not Love,spotify:track:5mgLSGzGoKj2JOCK3zpQTc,2,30,0.483,0.304,4,-8.811,0.0358,0.402,0.0149,0.114,0.49,168.082,0,3
2021-01-18T00:00:00Z,https://i.scdn.co/image/ab67616d0000b273531a46847ddb4ffea7235f5d,640.0,640.0,spotify:album:0VLAJO6is3voHtYLzk7fM8,Drum Sound - More Gems From the Channel One Dub Room 1974 -1980,2007-07-17,The Revolutionaries,spotify:artist:72kiVqCJIy9eOnmLp8r0h7,GBMGG0782901,1,265333,Kunta Kinte Dub,spotify:track:7622Jo93hnCOkViAgertAz,1,51,0.799,0.467,1,-11.541,0.0708,0.0476,0.816,0.0915,0.533,140.644,0,4
2021-01-18T00:00:00Z,https://i.scdn.co/image/ab67616d0000b27317efa85413fdad8a65bfa12f,640.0,640.0,spotify:album:5apqfs9GaJvTa0MGXFbtWU,Black Power,2016-05-06,Peace,spotify:artist:5004yOPsD3IERvvTtaRM9h,US2S71630001,1,205427,Black Power,spotify:track:70efPzYodxjJ20jUIf2vbv,1,34,0.718,0.66,2,-8.717,0.0329,0.904,0.0559,0.215,0.923,128.783,1,4
2021-01-18T00:00:00Z,https://i.scdn.co/image/ab67616d0000b273a7463f2920b5f26843751869,640.0,640.0,spotify:album:5NQq6JhcjDfL0NYq9XkrtL,See You On The Other Side,2020-03-20,Ikebe Shakedown,spotify:artist:5ABBZoXY5r0UL1txACjinb,QZDMQ1903411,1,296423,See You On The Other Side,spotify:track:4yFGlqGX5JbtmPW3ZnjJPt,1,42,0.63,0.676,7,-7.567,0.0484,0.125,0.895,0.0708,0.81,91.969,0,4
2021-01-18T00:00:00Z,https://i.scdn.co/image/ab67616d0000b2735c3ca0a711ccc10f37950046,640.0,640.0,spotify:album:7ElHdWPD6YbkbltJQgCiDc,My World,2009-06-02,Lee Fields & The Expressions,spotify:artist:2bToe6WyGvADJftreuXh2K,USA560952493,1,198627,Money I$ King,spotify:track:599GElAfHgqdjSmATCr6lI,4,35,0.716,0.642,0,-4.631,0.0386,0.0344,0.00296,0.0911,0.782,111.162,1,4
2021-01-18T00:00:00Z,https://i.scdn.co/image/ab67616d0000b273ddad47b8ed3402b7ec3ee048,640.0,640.0,spotify:album:5aLromUeRYqVHVX55ZfKjm,"Exuma, The Obeah Man",1970-01-01,Exuma,spotify:artist:00WeoVQbYetdrq9rbkVoLj,GBUM70802359,1,339067,Dambala,spotify:track:1iJRCfV3qbbCrxzpAcqMvY,2,38,0.372,0.757,0,-6.428,0.0309,0.397,0.0,0.119,0.462,106.265,1,4
2021-01-18T00:00:00Z,https://i.scdn.co/image/ab67616d0000b273236de7aa0dab13d4c9b02eba,640.0,640.0,spotify:album:6K5V26IoPuOq0XffxlIDF8,Danger,1976-01-01,Lijadu Sisters,spotify:artist:1iElGdidl4zFXOpaaem4wZ,USBQU1100041,1,245200,Amebo,spotify:track:692TUPTer8td5h1Mddq9P2,2,26,0.645,0.571,9,-7.648,0.0272,0.0617,0.0115,0.115,0.378,101.115,0,3
2021-01-18T00:00:00Z,https://i.scdn.co/image/ab67616d0000b273fcbd3b2b67d413e32132fbff,640.0,640.0,spotify:album:4dpbUEDibbnNL7QrDQoooU,Hot Buttered Soul (Deluxe Remaster),1969,Isaac Hayes,spotify:artist:3IKV7o6WPphDB7cCWXaG3E,USC4R0919620,1,720453,Walk On By - Album - Remaster,spotify:track:0hWXOGE9h1ECCpWOnDWLbV,1,29,0.288,0.476,10,-12.509,0.0453,0.337,0.0471,0.204,0.526,78.938,0,4
2021-01-18T00:00:00Z,https://i.scdn.co/image/ab67616d0000b2732e1f5c1aa42fb439cd2170ac,640.0,640.0,spotify:album:3dVpNXjDFStTQ57vBWwVjK,Good Songs For Bad People,2020-06-12,Drab City,spotify:artist:37NiPFEKVQMSVTEgY2ZhBG,GBBRP2000036,1,203872,Troubled Girl,spotify:track:7DzjhfrHBr6zVPN7XJNoqg,6,39,0.718,0.446,7,-12.446,0.0405,0.531,0.851,0.118,0.617,104.963,0,4
2021-01-18T00:00:00Z,https://i.scdn.co/image/ab67616d0000b2739b9cfe2e449c78cd45005a6e,640.0,640.0,spotify:album:2RQW4GjcrWTJV8N93Xh6sI,Try & Love,1973-07-15,Ofege,spotify:artist:05LK9pT8ScfWNT0UbDsyqe,USDEA1800105,1,265493,It's Not Easy,spotify:track:02ODaiZZfjPsrbkMvTIbCE,5,27,0.573,0.688,2,-9.284,0.0412,0.375,4.61e-05,0.141,0.542,80.421,1,4
2021-01-18T00:00:00Z,https://i.scdn.co/image/ab67616d0000b273b66209655f97072e50f81ff1,640.0,640.0,spotify:album:6nEgqHGb4UoiO2gwjiHqx3,Shaman!,2020-08-07,"Idris Ackamoor, The Pyramids","spotify:artist:5364PA7k8ziFDp6SME0c4Y, spotify:artist:3kCWVwcSSSggzNsjm8a6h2",DEG932001262,1,474053,When Will I See You Again?,spotify:track:1To1ucwBpTT8mu6D34vZP4,4,38,0.67,0.649,9,-8.402,0.0693,0.0549,0.00275,0.138,0.722,81.757,0,4
2021-01-18T00:00:00Z,https://i.scdn.co/image/ab67616d0000b27313be1351b3afc46829c274a8,640.0,640.0,spotify:album:3WX5irfC09UH39CFRf8jme,Quiet Fire,1971,Roberta Flack,spotify:artist:0W498bDDNlJIrYMKXdpLHA,USAT20003276,1,323093,Go up Moses,spotify:track:6RZYinXxoXCrGqinRbqArU,1,37,0.623,0.755,2,-13.592,0.0393,0.382,0.00185,0.073,0.645,98.784,0,4
2021-01-18T00:00:00Z,https://i.scdn.co/image/ab67616d0000b273d5645f790c2fb2137399d096,640.0,640.0,spotify:album:3niDtiyTx7M6BqlVaRuA4A,L'ombre sur la mesure,2002-04-12,La Rumeur,spotify:artist:0sX9shkpi9yYK65nZCeeiW,FRZ110100684,1,251520,Le coffre-fort ne suivra pas le corbillard,spotify:track:3UfvvQKtKk28r0KFrgV2mW,7,31,0.743,0.537,10,-7.214,0.297,0.816,6.63e-05,0.242,0.506,79.891,0,4
2021-01-18T00:00:00Z,https://i.scdn.co/image/ab67616d0000b273cbcb5083c56df2a557625bca,640.0,640.0,spotify:album:4sTAgYLZy5zwqR3kT1g0oh,World Clique,1990,Deee-Lite,spotify:artist:4eQJIXFEujzhTVVS1gIfu5,USEE10000471,1,318800,Try Me On... I'm Very You,spotify:track:0IhZeb2CoLpcIz7OgHUf31,4,35,0.795,0.633,0,-13.523,0.0419,0.341,0.0714,0.0576,0.855,105.619,1,4
2021-01-18T00:00:00Z,https://i.scdn.co/image/ab67616d0000b273de5d6defdc710ce787eb0098,640.0,640.0,spotify:album:1lOeyjQR0tNgK0QJvVPzSb,Love Ritual,1984-12-31,Al Green,spotify:artist:3dkbV4qihUeMsqN4vBGg93,USFP71021509,1,143880,I Want To Hold Your Hand,spotify:track:3pi315LJGONrPNjooSLrL4,9,4,0.741,0.367,7,-12.546,0.0532,0.331,7.91e-05,0.196,0.648,109.634,1,4
2021-01-18T00:00:00Z,https://i.scdn.co/image/ab67616d0000b27319dac21897b19e41774454c1,640.0,640.0,spotify:album:5Tk4RI63vr37DLWZ3d0FE9,Small Mercies,2019-06-07,Pixx,spotify:artist:6QDPfX2YaZAGJnhpClg8Jo,GBAFL1800386,1,219252,Andean Condor,spotify:track:0LZU49YemIdcqIzjw6Aez7,1,36,0.617,0.817,2,-8.043,0.0477,0.0944,0.000143,0.181,0.855,159.937,1,4
2021-01-18T00:00:00Z,https://i.scdn.co/image/ab67616d0000b2737957f4553d453c83cd6a1123,640.0,640.0,spotify:album:3SN83PyvjcJP5bhTcRbVjk,Hinterland,2015-03-11,LoneLady,spotify:artist:0BwRrZKiv4NIiVcLgONuOh,GBBPW1400106,1,376583,Groove It Out,spotify:track:2B5xEpJMwDfWEqeqTA44gx,4,0,0.798,0.786,2,-7.262,0.0567,0.113,0.12,0.0867,0.564,123.195,1,4
2021-01-18T00:00:00Z,https://i.scdn.co/image/ab67616d0000b2738461b9ba2df67e82efc26f5b,640.0,640.0,spotify:album:67uiLyta2QFfbEm7opzUn6,Shadows From Nowhere 2019,2019-05-03,Blue Gas,spotify:artist:4X9QLtjgiaXzCmKqi1wbsw,ITN341600057,1,330311,Shadows From Nowhere - Original Version,spotify:track:7kF2wPFh949jhWzeTyODnO,1,43,0.638,0.2,5,-20.51,0.0446,0.539,0.0347,0.0963,0.322,79.821,1,4
2021-01-18T00:00:00Z,https://i.scdn.co/image/ab67616d0000b27379c3a161842db6569a7c4c7f,640.0,640.0,spotify:album:4sRXcwlHnu8pW4SFoYGsB0,The Corner of a Sphere,2018-05-04,Alabaster DePlume,spotify:artist:3LfKt6bEMIfFIEryeai8Mm,GBZDN1800023,1,245053,Is It Enough,spotify:track:1gBly576DStphc1hAropbT,1,43,0.413,0.473,0,-9.553,0.0306,0.901,0.121,0.106,0.421,133.584,1,4
2021-01-18T00:00:00Z,https://i.scdn.co/image/ab67616d0000b273591d882b2e3f05c02c652c66,640.0,640.0,spotify:album:00u4wTdURVKg4jPSdze8Fr,Peter Gordon Love of Life Orchestra,2010-10-12,Peter Gordon & Love of Life Orchestra,spotify:artist:6bz3WHCeD79OBp7s8FAoUm,US4GE1000070,1,463280,Still You,spotify:track:13QhbfXVXYz3Wlll4sZVzM,5,38,0.683,0.828,11,-5.134,0.0362,0.106,0.765,0.0661,0.934,114.86,0,4
2021-01-18T00:00:00Z,https://i.scdn.co/image/ab67616d0000b273f6075cd0386f8ad8e5193017,640.0,640.0,spotify:album:0dH2WzfWZbBuAGekzpTkZH,William Z Villain,2017-02-03,William Z Villain,spotify:artist:2mPJzi5D0NW4CdIICS0xSt,FR9W11618408,1,280815,Anybody Gonna Move,spotify:track:30XTLLCxWfhWzcfBh2lzVS,3,39,0.49,0.42,4,-7.862,0.0391,0.186,0.184,0.18,0.451,120.742,0,4
2021-01-18T00:00:00Z,https://i.scdn.co/image/ab67616d0000b273013cc438a8e020c6cfeca537,640.0,640.0,spotify:album:48Qss6jfvMzfrA5pWYRMks,Mellow Fantasy,2020-10-30,"Potatohead People, De La Soul, Posdnuos, Kapok","spotify:artist:2lmWYYMM80tsoDES4aUB1m, spotify:artist:1Z8ODXyhEBi3WynYw0Rya6, spotify:artist:4OydvmAsJa7r6W8Q0xwkI7, spotify:artist:4mVVU1syuUR6NcKhprJKYi",USGC62000942,1,211853,Baby Got Work,spotify:track:78KeYLnwKv552k7oHQaqfG,5,42,0.872,0.695,11,-8.143,0.137,0.432,0.0,0.0977,0.824,99.024,1,4
2021-01-18T00:00:00Z,https://i.scdn.co/image/ab67616d0000b27393c582d99dd5ec84e64bfa2a,640.0,640.0,spotify:album:5X9hhQpVNIA93ruz9DEbvl,Golden Brown,2020-09-11,THE TAKE VIBE E.P.,spotify:artist:15YVH3wWDSMOY2uyMnGZ4u,UKXN21918768,1,191304,Golden Brown,spotify:track:24XIbFhfr4mqCtKDHyzIvv,1,41,0.398,0.442,1,-13.202,0.0365,0.198,0.831,0.0861,0.539,103.506,1,3
2021-01-18T00:00:00Z,https://i.scdn.co/image/ab67616d0000b2735a07e634805eb48a4b833bc6,640.0,640.0,spotify:album:1x6pt77SmLcg2va95elAPx,Space Samba (Disco Volador Theme),2020-01-06,The Orielles,spotify:artist:5JWEBEt8VxHHxYKFmpzjwD,GBPVV1902886,1,258296,Space Samba (Disco Volador Theme) - Edit,spotify:track:6lbDbnp7JP728qEeMd26Ca,2,40,0.602,0.735,0,-6.127,0.0297,0.000347,0.00198,0.278,0.905,129.449,1,4
2021-01-18T00:00:00Z,https://i.scdn.co/image/ab67616d0000b273b6cb852f5cdb1443295484fe,640.0,640.0,spotify:album:13VVtuvboNAaPFcKsQsjLP,Apocalypse,2011-04-19,Bill Callahan,spotify:artist:7gqsi6aBSkRMJoL9psKqMr,US58L1145003,1,333093,America!,spotify:track:0zLvCp3RtSX6pvGzOxBjzg,3,39,0.594,0.468,2,-11.39,0.0492,0.0128,0.121,0.0714,0.678,107.482,0,4
2021-01-18T00:00:00Z,https://i.scdn.co/image/ab67616d0000b273e75294adaff5d9554831f691,640.0,640.0,spotify:album:0rtdIjOXSEmZjncvsc1uFR,Hendrix in Jazz,2017-09-29,Lee Moses,spotify:artist:073AjXFaMayG50bDyAopud,USGZ21458567,1,369107,Hey Joe,spotify:track:3G9M3up3ylejble5YrfUU3,4,43,0.574,0.544,7,-9.854,0.0337,0.0349,0.085,0.0778,0.553,72.79,1,4
2021-01-25T00:00:00Z,https://i.scdn.co/image/ab67616d0000b27351ca51696b096c4e58c0a6bd,640.0,640.0,spotify:album:4dSeRNBshxa5ylX5Oi3Te7,Dreaming Is Dead Now,2019-05-24,Skinny Pelembe,spotify:artist:1ZxriNuHn6Upjf3U97nnUN,GBMEF1801046,1,266853,I'll Be on Your Mind,spotify:track:48Jo2cjjTf2syYTEDCoV0K,8,31,0.69,0.559,7,-7.653,0.143,0.358,0.126,0.199,0.518,82.182,0,4
2021-01-25T00:00:00Z,https://i.scdn.co/image/ab67616d0000b273e8af06af8b491bc946926c85,640.0,640.0,spotify:album:5IK6BfgHZLq9Rjn31EKRGN,I Dream of Everything,2019-11-12,"Subculture, Rachel Chinouriri","spotify:artist:45CiOVzqS9wkh8pX59IOfx, spotify:artist:4wrzxtBZw20ufDstKyTnnP",GBKPL1973164,1,175010,The River Bend,spotify:track:0R7q8BHMfRYp38u8hQ1OwA,2,40,0.7,0.576,0,-9.593,0.302,0.357,0.00252,0.281,0.478,85.969,1,4
2021-01-25T00:00:00Z,https://i.scdn.co/image/ab67616d0000b2732eda6b57e285c9c0836ba9ba,640.0,640.0,spotify:album:5vf9w7uDuKx6FbaC82TlYg,Life Stories,1977,"Ebo Taylor, Uhuru-Yenzu","spotify:artist:2gR0iQTVBPHDKiNn1Kq8HI, spotify:artist:01COhV6E3zLbPa5IJ27XkL",DEG931150283,1,497741,Love And Death,spotify:track:52PrLQq5Mh8Jt8JAA0nkqy,10,30,0.806,0.918,0,-7.463,0.0578,0.154,0.0888,0.0803,0.811,108.934,1,4
2021-01-25T00:00:00Z,https://i.scdn.co/image/ab67616d0000b273b3fec6d64301e337363a1b31,640.0,640.0,spotify:album:079bvY8zoaxNYf67ntxT7f,"Disco Reggae, Vol. 3",2017-09-29,Rosemary Martins,spotify:artist:3blsaJIpowPAFmjU0gkxme,FR7Z21700034,1,330723,Love to Love You Baby,spotify:track:2yxYV1nUOVdWhkaJ06Eftm,6,36,0.75,0.709,8,-9.339,0.039,0.229,0.728,0.0812,0.926,93.511,1,4
2021-01-25T00:00:00Z,https://i.scdn.co/image/ab67616d0000b27355179ddb49feab5af9cf1870,640.0,640.0,spotify:album:1HxsSJHTqeUxDoKN26h8pB,The Return,2019-09-13,"Sampa the Great, Mwanje, Theresa Mutale Tembo, Sunburnt Soul Choir","spotify:artist:7fw0E8WHdG3r9SuPBcGmWk, spotify:artist:3BM1y5iZJFNwGFZC8ivubP, spotify:artist:3AaKdyn8vAKVQjhDpCBK2s, spotify:artist:1TFY0kQWP5y9pv10ybBvSR",GBCFB1900120,1,267577,Mwana,spotify:track:6aldtNKtl5yHkKlwXH0nIY,1,38,0.688,0.971,6,-7.395,0.127,0.114,3.2e-05,0.279,0.734,90.994,1,4
2021-01-25T00:00:00Z,https://i.scdn.co/image/ab67616d0000b273c43d7c3ca6435572d1ffbd06,640.0,640.0,spotify:album:6rY7bfN0RLiNyUUjOfNgJQ,Hang Together (Expanded Edition),1980-03-01,Odyssey,spotify:artist:5b4SvpTqll0LSqJWPpXya5,USRC10401996,1,360360,Hang Together,spotify:track:1VyzLNcRqpVaEhbqjYOPdF,1,43,0.661,0.576,9,-11.12,0.0405,0.263,0.0767,0.0907,0.929,114.335,0,4
2021-01-25T00:00:00Z,https://i.scdn.co/image/ab67616d0000b2733d56ee14aad1cac8706d4163,640.0,640.0,spotify:album:54FBJ6Mge0mw3czvirto1r,"Mr Bongo Record Club, Vol. 1",2016-09-16,Neno Exporta Som,spotify:artist:4KNx7O3WMhmJtp5T3C2YBT,GBCLQ1600294,1,207587,Deixa a Tristeza,spotify:track:3AZCLawFCY4vkPfULZkfZu,4,34,0.488,0.893,9,-5.042,0.065,0.271,0.00889,0.0924,0.804,100.71,0,4
2021-01-25T00:00:00Z,https://i.scdn.co/image/ab67616d0000b27391ef4678da7d3fad087f68dd,640.0,640.0,spotify:album:2EeDLAhZi04oPV3FJ2s6uS,Friends (Remastered),1968-06-24,The Beach Boys,spotify:artist:3oDbviiivRWhXwIE8hxkVV,USCA20100309,1,119893,Little Bird - Remastered 2001,spotify:track:0EhhRq90FVkx8Rv1vzZUOG,8,38,0.452,0.33,5,-10.376,0.0384,0.121,0.0275,0.0978,0.197,164.89,1,4
2021-01-25T00:00:00Z,https://i.scdn.co/image/ab67616d0000b27307d9d48781ff15f80a8c8e7b,640.0,640.0,spotify:album:6Vs7bJcWtuyriFn0ol16lX,Sudan Archives,2017-07-14,Sudan Archives,spotify:artist:2MPHBxznH1fj59jbOWY38u,US2S71790001,1,143541,Paid,spotify:track:1udzr9VusOPfwgKafy10SG,1,37,0.78,0.551,7,-7.387,0.0543,0.114,0.193,0.122,0.587,125.446,1,4
2021-01-25T00:00:00Z,https://i.scdn.co/image/ab67616d0000b273366b72ee2555000756070994,640.0,640.0,spotify:album:4eK9uta9LmaxMUcBFbTbS2,Homowo,2018-02-13,Basa Basa,spotify:artist:699lZFg1YHsQCg9WOQkecl,QZAPG1873736,1,371732,Homowo,spotify:track:6JlQBrHGU2FTtyqR7xqQMu,1,30,0.585,0.737,2,-8.037,0.0383,0.00381,0.0643,0.521,0.826,131.161,1,4
2021-01-25T00:00:00Z,https://i.scdn.co/image/ab67616d0000b273c3fe8157b236e2074dfbbf7b,640.0,640.0,spotify:album:30QmY9ebOOMMkknDk2hCrG,Lion Songs: Essential Tracks in the Making of Zimbabwe,2015-03-28,Thomas Mapfumo,spotify:artist:4kfGq6bSxmsRIfwfqytM7o,QMAAK1540649,1,307987,Gwindingew Rine Shumba,spotify:track:2kjH2BOWKUoOr5W5wZY9BD,8,31,0.577,0.688,11,-10.227,0.0651,0.616,0.000206,0.141,0.926,131.091,1,4
2021-01-25T00:00:00Z,https://i.scdn.co/image/ab67616d0000b2732e3f6a073ef25039d46b5fa3,640.0,640.0,spotify:album:4sRZmgUfNwW8ieKwaXSACU,Bitch Don't Kill My Vibe / Get Free,2015-10-06,"Sly5thAve, The ClubCasa Chamber Orchestra","spotify:artist:15zxwAfOdT7WmQeFWPJtKi, spotify:artist:0EkXiyQTxZLEg7oldybuJY",US9AA1500037,1,246045,Get Free,spotify:track:2Iepgy82dUFqSdSKvczRwr,2,40,0.869,0.68,11,-10.911,0.107,0.478,0.369,0.119,0.394,94.004,0,4
2021-01-25T00:00:00Z,https://i.scdn.co/image/ab67616d0000b27320ebb31165b3e2e4ec0ae792,640.0,640.0,spotify:album:63af3dVbSgDM3sdpH5r17C,Press Color (Deluxe Edition),2015-05-11,Lizzy Mercier Descloux,spotify:artist:5jevkWdPouBhKNpJu1DOyO,FR6T50300301,1,158840,No Golden Throat,spotify:track:02X7NNA0oC2EcGFls0OKzo,4,33,0.868,0.629,7,-10.989,0.182,0.0959,0.0336,0.129,0.761,83.205,1,4
2021-01-25T00:00:00Z,https://i.scdn.co/image/ab67616d0000b273ff0b5e6887c245681b05e696,640.0,640.0,spotify:album:3iVFjOB6CU7WBxMssF5RlN,Le Kov,2018-03-02,Gwenno,spotify:artist:44mRrrRjaV8iu1VLIKuwty,GBPVV1702063,1,334520,Hi a Skoellyas LIV a Dhagrow,spotify:track:3XDEkFhKt7dDIh4mDH5kz8,1,34,0.267,0.627,2,-12.938,0.0459,0.0791,0.299,0.132,0.24,203.995,0,4
2021-01-25T00:00:00Z,https://i.scdn.co/image/ab67616d0000b273c87e6bda7742610676010936,640.0,640.0,spotify:album:0WJA481czQzLNtBBGrBYfV,Selfportrait,2019-10-11,Matty,spotify:artist:7K1kHQsB2m87TMVcDbZAfW,GBKPL1967868,1,436000,Selfportrait,spotify:track:7JyDfArmJRA7fesrTodqFd,1,34,0.491,0.404,6,-12.008,0.0388,0.819,0.833,0.12,0.333,129.466,0,5
2021-01-25T00:00:00Z,https://i.scdn.co/image/ab67616d0000b273e9a93e86d9725e768f4af6ac,640.0,640.0,spotify:album:3DqAwgY7wLsL2BzJKcbSfU,"The Skeletal Essences of Afro Funk, Vol. 3: 1969-1980 (Analog Africa No. 13)",2013-04-30,Orchestre Poly-Rythmo de Cotonou,spotify:artist:2hzzC6W1jnkn6x6RyutlB3,DENR91373014,1,288720,Min we tun so - Slow,spotify:track:7w6Usj20aSWWBoHuONuGV2,15,34,0.372,0.215,7,-16.818,0.0391,0.855,0.00571,0.106,0.183,169.708,0,3
2021-01-25T00:00:00Z,https://i.scdn.co/image/ab67616d0000b2736de908475396d444b724165b,640.0,640.0,spotify:album:4oOotUMoznVTdGWzdUoEuy,Sainte-Victoire,2018-04-06,Clara Luciani,spotify:artist:2oVrruuEI0Dr2I4NvLtQS0,FRUM71800049,1,214667,Eddy,spotify:track:4o7h3cDkhTqk3cUhDfju8c,4,41,0.64,0.53,4,-8.665,0.0478,0.184,0.000286,0.0786,0.357,138.192,1,4
2021-01-25T00:00:00Z,https://i.scdn.co/image/ab67616d0000b273d499b026eff67c833f30a6a5,640.0,640.0,spotify:album:2zQU8VDEKy7xzXE8fZV2N5,"Tanbou Toujou Lou: Meringue, Kompa Kreyol, Vodou Jazz & Electric Folklore from Haiti 1960 - 1981",2016-07-08,Zotobré,spotify:artist:19gFDQ8rQXKhuB9WAArTgh,QZ4GJ1600101,1,256949,Lagen,spotify:track:3q6rmmK8WIKxiFJwaxDHLL,1,39,0.528,0.708,0,-11.286,0.0556,0.743,0.0466,0.0654,0.786,122.864,1,4
2021-01-25T00:00:00Z,https://i.scdn.co/image/ab67616d0000b2738af7cb6961c1b843ee2b62c1,640.0,640.0,spotify:album:7FWOwf5sFpunzLCCPpb21O,Premium,2016-09-30,Sam Evian,spotify:artist:5MXsi1oKkm8LuStuKkMdzu,US2U61624105,1,242659,Carolina,spotify:track:5mlLarISJoCnH6WTaFgXEi,5,35,0.723,0.379,4,-8.22,0.0418,0.586,0.649,0.0945,0.774,75.0,0,4
2021-01-25T00:00:00Z,https://i.scdn.co/image/ab67616d0000b273fc6786c0821da6f49a5121ef,640.0,640.0,spotify:album:6N2glPSb8ojSxzvGM0h8t8,Getz / Gilberto ‘76,2016-02-19,"Stan Getz, João Gilberto","spotify:artist:0FMucZsEnCxs5pqBjHjIc8, spotify:artist:77ZUbcdoU5KCPHNUl8bgQy",USA2P1570973,1,345851,Aguas de Março,spotify:track:7yJUX5pmBnJ53YCGkJWLHN,3,47,0.63,0.227,11,-15.754,0.177,0.856,0.597,0.578,0.41,157.834,1,4
2021-01-25T00:00:00Z,https://i.scdn.co/image/ab67616d0000b273e578d60dcc1eee47ec8eb369,640.0,640.0,spotify:album:5rEArvUJcvMiHB3w6qYhmD,Powerhouse,2018-11-09,Planningtorock,spotify:artist:7qHOphlWaJrfFa0BqpayDG,US4GE1800070,1,249773,Beulah Loves Dancing,spotify:track:6y4tBdbozbtggdjFZ9mNt5,9,36,0.959,0.383,5,-11.105,0.0933,0.0732,0.0165,0.0728,0.401,119.971,1,4
2021-01-25T00:00:00Z,https://i.scdn.co/image/ab67616d0000b273d3444f4ea3ffb15a7cb372cc,640.0,640.0,spotify:album:3QjaxGp6wfwMiZbYdIeOUO,Jardín,2017-01-27,Gabriel Garzón-Montano,spotify:artist:1R4GxRuSVTPSb6oy56SPST,US2S71681006,1,230461,Crawl,spotify:track:2GFjfzXWeV8iLCnRCKJxaO,6,35,0.893,0.408,9,-10.144,0.0515,0.522,0.0176,0.0985,0.55,84.131,0,4
2021-01-25T00:00:00Z,https://i.scdn.co/image/ab67616d0000b2735152c71cc82023e3adfedf2a,640.0,640.0,spotify:album:2RoACodePWs13YmxXV3v3M,Which Way is Forward?,2020-02-07,Obongjayar,spotify:artist:6l7R1jntPahGxwJt7Tky8h,QMBZ91947017,1,220903,Still Sun,spotify:track:6prN8k4A5Pcuk4Y5Yvaf5x,1,36,0.693,0.854,8,-8.066,0.0774,0.406,0.00156,0.0564,0.531,169.945,1,4
2021-01-25T00:00:00Z,https://i.scdn.co/image/ab67616d0000b273a5e994914c15f75d998d7870,640.0,640.0,spotify:album:7lskQR32sv0sV9zwkdRkKN,Cartão Postal,1971-01-05,Evinha,spotify:artist:6cnJ8gP9R3JEh5mCCvOwz3,BREMI0400756,1,149420,Que Bandeira,spotify:track:2aQ8NyRJcsQFgb8jwUil90,1,37,0.755,0.537,1,-10.679,0.0381,0.756,3.22e-06,0.355,0.811,93.393,1,4
2021-01-25T00:00:00Z,https://i.scdn.co/image/ab67616d0000b273900073654df0b7b6467c1ff0,640.0,640.0,spotify:album:0Zwz9ASQnojGbTmpwSEL8B,Wuzzelbud Kk LP,2004,Robag Wruhme,spotify:artist:47UDvjDVedKddLfGWk3keI,DEDU60450012,1,220013,K.T.B.,spotify:track:7hyGvo1Z0CrEyEaUWN29Fn,7,38,0.85,0.481,9,-9.614,0.207,0.0467,0.325,0.0828,0.537,89.992,1,4
2021-01-25T00:00:00Z,https://i.scdn.co/image/ab67616d0000b273ead2047d2c6e8abce3800f88,640.0,640.0,spotify:album:5TdtCKPxkVHmWQWoRXxuXh,Welcome To My Love,1968-01-01,"Nancy Wilson, Sweet","spotify:artist:2JfVCMa3FlvQRlLT5uH9zb, spotify:artist:5CAx2uZYeKOZxvasIfk9TY",USCA29401154,1,319067,Ode To Billie Joe,spotify:track:5P9HFY2hkZjuLHEudoEa28,11,44,0.418,0.531,6,-11.441,0.1,0.783,2.11e-06,0.127,0.612,94.066,1,4
2021-01-25T00:00:00Z,https://i.scdn.co/image/ab67616d0000b273303a1d40609b8aa537b607c1,640.0,640.0,spotify:album:7jqe6yQ9qtHqahli8WSYH4,The Boss,1979-05-23,Diana Ross,spotify:artist:3MdG05syQeRYPPcClLaUGl,USMO17984680,1,274560,It's My House,spotify:track:7yAslROTLRHGwuiLBpdErT,6,58,0.762,0.67,5,-5.862,0.0717,0.29,6.42e-06,0.0783,0.87,99.473,1,4
2021-01-25T00:00:00Z,https://i.scdn.co/image/ab67616d0000b273bd278dc381f9f79271792f34,640.0,640.0,spotify:album:7LOOWLfP0aWCcSz05yzj31,Blackbird,2020-05-27,Lady Blackbird,spotify:artist:0CcvfJAMRa28MnCnujCdXQ,UKU3N1900011,1,240960,Blackbird,spotify:track:1SzNdQXN0x15dIqpAfoH4U,1,35,0.386,0.115,0,-16.333,0.0476,0.896,0.0533,0.11,0.143,90.421,1,4
2021-01-25T00:00:00Z,https://i.scdn.co/image/ab67616d0000b27350c7fa144048c6f890ee669e,640.0,640.0,spotify:album:4d3MEgvIZKX9J5oZmIDp9G,"Soul Jazz Records Presents Nigeria Soul Fever: Afro Funk, Disco And Boogie: West African Disco Mayhem!",1978,Christy Essien,spotify:artist:23zDrpDFGx3aBQPhd0R9cA,GBBCK1601022,1,237973,You Can't Change A Man,spotify:track:2vqMVBk55Ul6nK49aD0Vzc,2,21,0.87,0.7,0,-9.764,0.118,0.0502,0.0254,0.0386,0.922,121.531,1,4
2021-01-25T00:00:00Z,https://i.scdn.co/image/ab67616d0000b273cb9d474eb96b021445ce7b98,640.0,640.0,spotify:album:2cVxRgk7hXO54UPYDe2zps,M_o_d_e_s,2013-04-30,tomemitsu,spotify:artist:2mhR16cFNwiKWB909sMwgF,USQY51354120,1,155235,Thinkin',spotify:track:4O9GgZpfqTqbH6sIiq5imL,4,32,0.737,0.269,7,-14.218,0.0391,0.878,0.0198,0.124,0.899,120.051,0,4
2021-02-01T00:00:00Z,https://i.scdn.co/image/ab67616d0000b273a98a368a002f2c3a923d49b4,640.0,640.0,spotify:album:00aLz8ns1aftpDB3dQFCOb,Say the Word,2020-07-17,The Allergies,spotify:artist:2v2cdjqYIpT8ZBpflNTttY,GBFBC2001860,1,199067,Felony,spotify:track:1o9mPAHKGHB2xYnEIE4jtb,4,39,0.703,0.665,1,-7.708,0.034,0.00473,0.69,0.29,0.616,122.015,1,4
2021-02-01T00:00:00Z,https://i.scdn.co/image/ab67616d0000b273905dcbbd9ea2f5af04446251,640.0,640.0,spotify:album:3Eiwyp3EB66AuXjBI2MYZI,Black Caesar,1973-01-01,"James Brown, The J.B.'s","spotify:artist:7GaxyUddsPok8BuhxN6OUW, spotify:artist:4lJHGi5dlJmWwFH0JKF6di",USPR37382288,1,138653,Blind Man Can See It,spotify:track:6Q88G7jaZCwL5ON5RLyRir,2,35,0.686,0.319,5,-16.275,0.0669,0.536,0.0523,0.0945,0.894,98.549,0,4
2021-02-01T00:00:00Z,https://i.scdn.co/image/ab67616d0000b273d5eb3115c4518a36c484d5b5,640.0,640.0,spotify:album:05nFTwXHCVQuvy8dC4KJQr,Abu Ali,1996-01-01,Ziad Rahbani,spotify:artist:56F07EgoDt7uxzQUb6HZnT,AEAB29600145,1,792227,Abu Ali,spotify:track:4ybbQgYjopQliZQZocmxWj,1,30,0.536,0.545,5,-10.116,0.0351,0.158,0.489,0.0592,0.597,109.733,0,4
2021-02-01T00:00:00Z,https://i.scdn.co/image/ab67616d0000b27350c7fa144048c6f890ee669e,640.0,640.0,spotify:album:4d3MEgvIZKX9J5oZmIDp9G,"Soul Jazz Records Presents Nigeria Soul Fever: Afro Funk, Disco And Boogie: West African Disco Mayhem!",1978,Christy Essien,spotify:artist:23zDrpDFGx3aBQPhd0R9cA,GBBCK1601022,1,237973,You Can't Change A Man,spotify:track:2vqMVBk55Ul6nK49aD0Vzc,2,20,0.87,0.7,0,-9.764,0.118,0.0502,0.0254,0.0386,0.922,121.531,1,4
2021-02-01T00:00:00Z,https://i.scdn.co/image/ab67616d0000b273d034aa02d3c8be519c0c3eca,640.0,640.0,spotify:album:0Bu3AVcmSWpD4SVcqdVIDt,Turning Point (Expanded),1984-02-01,The Staple Singers,spotify:artist:7xGGqA85UIWX1GoTVM4itC,USSM10015932,1,255320,Slippery People,spotify:track:2dB0ZG7kQDgeQNGQk2Wdxa,2,37,0.838,0.758,10,-9.429,0.0656,0.243,0.00192,0.15,0.933,108.212,0,4
2021-02-01T00:00:00Z,https://i.scdn.co/image/ab67616d0000b273fc2082b879a783349c1ac4c0,640.0,640.0,spotify:album:7Hb6QxFI4ahWMX7Cd9evuo,LOVEPLAYDANCE,2018-03-07,TOSHIO MATSUURA GROUP,spotify:artist:1BMpbT4eEAJreNQKAdPBiH,JPPO01707303,1,433747,AT LES,spotify:track:0866zTh1dJtM5pzpOGUdUx,8,4,0.493,0.503,1,-12.398,0.0404,0.469,0.794,0.11,0.295,124.984,1,4
2021-02-01T00:00:00Z,https://i.scdn.co/image/ab67616d0000b273d68643969726cbbac525d416,640.0,640.0,spotify:album:2rMmfXa4lfk9o4vkcOeVRH,Kel Tamasheq (Deluxe Edition),2012-08-28,"Liya Ag Ablil, Nadia Nid El Mourid, Abdallah Ag Ahmed, Mathias Vaguenez, Sanou Ag Ahmed, Yamina Nid El Mourid","spotify:artist:5hMboy5Fq7s4pF0Q5ebJj5, spotify:artist:4Xuwu3Fe7lYLHIkvGVlpsb, spotify:artist:1vve6wGaMkX00i8HShL2wS, spotify:artist:7w1rIetgb3qOd0TA5OEZ0d, spotify:artist:78RQ22utV6xA4BoB0dUQWY, spotify:artist:6yvYW6kcEnqrFPZc8CYoxS",FRZ141136020,1,284840,Awa adounia,spotify:track:4oYwvjJ2Yq3Yn4Fqgn3uOg,2,40,0.617,0.827,10,-8.936,0.0348,0.125,0.198,0.085,0.846,101.154,0,4
2021-02-01T00:00:00Z,https://i.scdn.co/image/ab67616d0000b273328c650afae5ae81a0c8bbe3,640.0,640.0,spotify:album:3AUkbuxvj1fH2jkbWI2gzn,Haha Sound,2003-08-11,Broadcast,spotify:artist:0WtTGUjbur1R1cNzBvbsMU,GBBPW0300085,1,292000,Man Is Not A Bird,spotify:track:5ye8vmJBwoTbLt3U3MXrFY,5,30,0.356,0.806,2,-10.506,0.0899,0.132,0.0051,0.105,0.599,115.271,1,4
2021-02-01T00:00:00Z,https://i.scdn.co/image/ab67616d0000b2736c6db423cbf9542760e49e49,640.0,640.0,spotify:album:2RigwKRH9Q5xHKnxkTuhMk,Pink,2017-01-14,Lex Amor,spotify:artist:0IKVDL3N8vpYgeNOV6np14,TCACY1733673,1,222187,Pink,spotify:track:6Xfy1B9OuckQaBcuOcYvEU,1,30,0.625,0.345,7,-18.607,0.29,0.651,0.012,0.294,0.517,79.944,1,4
2021-02-01T00:00:00Z,https://i.scdn.co/image/ab67616d0000b273adbd29c0bed93408577e8eff,640.0,640.0,spotify:album:6KcrQB4WLoZULI35LSYe4E,Introducing...,2021-01-08,Aaron Frazer,spotify:artist:4dwDVC6lrMINxVBxETE1AB,USJ5G2022004,1,228613,Bad News,spotify:track:7hCujavV0pyKJucvSICnsI,4,49,0.558,0.573,9,-7.43,0.0573,0.232,0.0753,0.069,0.948,185.607,0,4
2021-02-01T00:00:00Z,https://i.scdn.co/image/ab67616d0000b273d3e920a088989a8ac368791c,640.0,640.0,spotify:album:19uGXP6YaIElZQ08aNLJwS,Liquid Portraits,2020-06-12,"Clap! Clap!, Martha Da'ro","spotify:artist:4o6gglPeg2GgT0FYDtzFeF, spotify:artist:312xfcd1WbKDhBnqPxjXVl",GBTVQ2000007,1,249113,Moving On,spotify:track:24jQYMpwrraSLf6TfE2K0U,7,47,0.636,0.458,11,-12.75,0.0608,0.679,0.148,0.109,0.489,92.973,0,4
2021-02-01T00:00:00Z,https://i.scdn.co/image/ab67616d0000b273156b2f560682888b2613eb8b,640.0,640.0,spotify:album:1sKj6LEXiEfCmsiKwPy5uG,ANIMA,2019-06-27,Thom Yorke,spotify:artist:4CvTDPKA6W06DRfBnZKrau,GB4YG1900217,1,259920,Impossible Knots,spotify:track:0Isk5vcakcbBMaSJPzv5vI,8,35,0.219,0.675,1,-10.79,0.0371,0.172,0.919,0.132,0.536,96.366,1,4
2021-02-01T00:00:00Z,https://i.scdn.co/image/ab67616d0000b2730b26dc42778d63c9e8fdf197,640.0,640.0,spotify:album:4lgjU1e0BrRsjDMud7yVug,Hotel Shampoo,2011-05-03,Gruff Rhys,spotify:artist:0dLSQG3IV62UNVhWUe6mx6,GBA8V1002001,1,264173,Shark Ridden Waters,spotify:track:611KiYgi2XQOTPyZ0BABXo,1,15,0.559,0.882,9,-6.475,0.0657,0.17,0.0328,0.385,0.595,130.697,0,4
2021-02-01T00:00:00Z,https://i.scdn.co/image/ab67616d0000b2732bb5d72913414fd879c2ffc5,640.0,640.0,spotify:album:7e1tZm29M23DLNgPtzFUvr,Roy Ayers JID002,2020-06-19,"Roy Ayers, Ali Shaheed Muhammad, Adrian Younge","spotify:artist:6R9Mv0bgGE4Tqxna1q5Mrj, spotify:artist:6adBZwsyxZuWDoty0Tg0lt, spotify:artist:4aMeIY7MkJoZg7O91cmDDd",QM9K31201468,1,206533,Gravity,spotify:track:10sPG1ooEf3tBsFeDAmv7K,6,28,0.48,0.714,4,-8.118,0.108,0.0975,0.145,0.098,0.911,191.48,0,4
2021-02-01T00:00:00Z,https://i.scdn.co/image/ab67616d0000b273f57c5c95bf6a2e83462c62ea,640.0,640.0,spotify:album:6SjKSLwExh3083Q0pdYpla,Honey Bones,2016-07-16,DOPE LEMON,spotify:artist:7oZLKL1GjYiaAgssXsLmW8,AUUM71600057,1,325827,Honey Bones,spotify:track:1OK96mSMu33nRHJOsLx8d4,7,47,0.549,0.668,0,-4.483,0.0255,0.173,0.0212,0.282,0.0854,104.016,0,4
2021-02-01T00:00:00Z,https://i.scdn.co/image/ab67616d0000b2739cc4593f45cf85cda6c8f2a4,640.0,640.0,spotify:album:2ep7n0jFk8hBe4v7l0AG9G,Fongola,2019-07-05,KOKOKO!,spotify:artist:4hkOCqpKuf6KFaQeTGfYNw,GBKZV1900049,1,240173,Likolo,spotify:track:6o6ow9iG1aKbVeRcGShUPN,1,12,0.699,0.918,8,-7.082,0.0394,0.286,0.000532,0.0674,0.739,93.794,1,4
2021-02-01T00:00:00Z,https://i.scdn.co/image/ab67616d0000b27309e9e2c7d79521350bd3c7cc,640.0,640.0,spotify:album:2e7LQqvJdInqGHnjEIsAaJ,Devotion,2018-10-26,Eris Drew,spotify:artist:4VKbZ8lm0Bm1AbtzAbBdpO,UKN6K2001189,1,304510,Trans Love Vibration (Eris Goes to Church),spotify:track:2pu66iltKEpEmVx1aK8wRh,2,38,0.801,0.62,0,-10.59,0.0705,0.122,0.821,0.0336,0.222,119.992,1,4
2021-02-01T00:00:00Z,https://i.scdn.co/image/ab67616d0000b273a63d0978c015b49631daa251,640.0,640.0,spotify:album:0OqSDlu8G2lrJyiH1zGZxr,For a Reason,1983,Lifetones,spotify:artist:6sy8aMZr1TkfZqrr7uGC2Q,USDEA1614102,1,237200,Good Side,spotify:track:0gAGVfApZhoQ2PHZKJ1IMb,2,29,0.692,0.566,7,-10.499,0.0755,0.0236,0.0558,0.107,0.591,112.241,1,4
2021-02-01T00:00:00Z,https://i.scdn.co/image/ab67616d0000b2736632cef33487a0c786a5c0fb,640.0,640.0,spotify:album:36Y1pJd0bxGrrlIGslT9wb,Houses In Motion,2019-04-03,A Certain Ratio,spotify:artist:2vygNfdnPBXah21ZrqhxYk,GBR8R1900071,1,229123,Houses In Motion - Single Version,spotify:track:0TqfKWaEauMUQblfn5RznS,1,22,0.763,0.554,9,-10.647,0.175,0.00788,0.237,0.071,0.819,98.612,1,4
2021-02-01T00:00:00Z,https://i.scdn.co/image/ab67616d0000b273454487efbe3c8fd72cad3ce8,640.0,640.0,spotify:album:1803b0UbnM2mJ1kIXA0X9d,Léviathan,2015-04-20,Flavien Berger,spotify:artist:5PyU5aVBI66v0pkCIvEJfu,FR2FD1500007,1,407973,Bleu sous-marin,spotify:track:4YLp7KkwKwf5PnxSWPlfC4,7,42,0.775,0.545,5,-6.865,0.0756,0.796,0.926,0.111,0.182,144.002,0,4
2021-02-01T00:00:00Z,https://i.scdn.co/image/ab67616d0000b273707170649fb3b786c5b081b9,640.0,640.0,spotify:album:0JYFFcFyCjtceiHVXLPBMD,I'm Not Dancing,2013-08-05,Tirzah,spotify:artist:6f5lOlSFJw9K79gaNnmWAd,GBRTB1200138,1,136696,I'm Not Dancing,spotify:track:2XSHJOk1o6FohIfjjhSVJM,1,34,0.938,0.679,6,-7.008,0.204,0.183,0.67,0.0967,0.682,119.934,0,4
2021-02-01T00:00:00Z,https://i.scdn.co/image/ab67616d0000b273b791487c4d73f06ca16e4585,640.0,640.0,spotify:album:4vEhzGYNRSUiCHv58nPJBX,We Share a Similar Joy,2020-11-06,JW Francis,spotify:artist:11DpUQDuQFFuGU8VXny3K6,GBGNS1701875,1,178610,New York,spotify:track:1RoUNUDZSIIPI5zVKfO9b4,8,36,0.305,0.905,9,-9.151,0.0585,0.201,0.232,0.178,0.592,179.9,0,4
2021-02-01T00:00:00Z,https://i.scdn.co/image/ab67616d0000b273850d64133706426ed8c7edd4,640.0,640.0,spotify:album:67jL0NbUV6Kzk2DecKGrx4,Tighten Up Vol. 2,1969-01-01,The Gaylettes,spotify:artist:6mpmXPaowBHnCdEufAW6LG,GBAJE6900561,2,151027,Son of a Preacher Man,spotify:track:6MP6kRr3P2f0t8tQ0cGjGD,8,38,0.555,0.818,10,-3.49,0.0737,0.194,0.00777,0.187,0.805,171.759,1,4
2021-02-01T00:00:00Z,https://i.scdn.co/image/ab67616d0000b2737e967ef9506ad0ef92cb64de,640.0,640.0,spotify:album:5e5P0LttxIUtbeLjxtuftu,"Alone Again, Naturally (Expanded Edition)",2014,Esther Phillips,spotify:artist:0WZ7IgzdjPvwFdjDjjuZm7,USSM17201127,1,231667,Use Me,spotify:track:5eFfHWOxG08HgkpVoSEPBf,1,40,0.676,0.428,8,-9.6,0.0789,0.63,3.93e-05,0.0645,0.82,164.509,1,4
2021-02-01T00:00:00Z,https://i.scdn.co/image/ab67616d0000b27338cc5b1406d6f952a2378bf7,640.0,640.0,spotify:album:0JsIlmHq0YUzJAOhfe97sL,The Pale Queen,2019-10-04,Rhi,spotify:artist:0pIs9pYIOSrNApO9xswNYu,GBEUE1900193,1,249360,Plain Jane,spotify:track:399LgkIsck3HxtDJTUfIWo,1,34,0.694,0.253,3,-15.302,0.0425,0.532,0.018,0.111,0.404,69.981,0,4
2021-02-01T00:00:00Z,https://i.scdn.co/image/ab67616d0000b273dad6638ebfa01e1fb1cf8bbd,640.0,640.0,spotify:album:4PAUMbfSpo3ExNidXRlTwr,Loneliness,2020-06-11,"Falle Nioke, Ghost Culture","spotify:artist:2WIUWjEtviW09sdJlb2G1J, spotify:artist:4M6Kt4GVjpLYpygyNOHwdt",UK4UM2000003,1,336279,Loneliness,spotify:track:10SwgSYq2pP8Qq09wemokv,1,31,0.789,0.879,10,-9.551,0.0466,0.00716,0.598,0.0752,0.654,130.016,0,4
2021-02-01T00:00:00Z,https://i.scdn.co/image/ab67616d0000b2737ac9bce7782b10334ae1d5c2,640.0,640.0,spotify:album:56uC55DMbvL9l8dQAoszp5,Seize The Day,2008,"Wax Tailor, Charlotte Savary","spotify:artist:3qwxSif06Qwzykdln8ZGfG, spotify:artist:00iD8QRcuTSSKAhaFU1MOp",FR2DK0800070,1,161512,Seize The Day,spotify:track:04rz2UaJqbK4aUs7TSk7Sw,1,51,0.634,0.516,6,-8.174,0.0452,0.153,0.665,0.243,0.502,82.967,0,4
2021-02-01T00:00:00Z,https://i.scdn.co/image/ab67616d0000b27396c7fc1c93bb28fa2d31fb12,640.0,640.0,spotify:album:7DX7VSSz6rq2GqaxlrHMkV,In the Beginning,2015-10-09,Marbert Rocel,spotify:artist:0VEzhZrWBCaoufAiZkjX3G,DEM091500068,1,263547,Always on My Mind,spotify:track:02X86Z19XydyPqKpGLyOdM,3,51,0.781,0.651,2,-8.802,0.0432,0.19,0.702,0.0594,0.424,102.996,0,4
2021-02-01T00:00:00Z,https://i.scdn.co/image/386ad92b1c0efbd2e77d4630a8e9b2346cfaccb4,640.0,640.0,spotify:album:3kZgoRN2PbwLJamWCjzAa8,Echo Chamber,2016-10-28,Ash Walker,spotify:artist:38jDRxwK5wuTKAk54LEj1F,GBE281200490,1,215891,Bongo Legs,spotify:track:6xv8cbt8aobNav6HoR94v2,9,33,0.822,0.561,10,-7.693,0.0899,0.32,0.835,0.116,0.657,99.039,0,4
2021-02-01T00:00:00Z,https://i.scdn.co/image/ab67616d0000b2737acd0602a936a8e6544e4566,640.0,640.0,spotify:album:6zFfgnjXWVtbVGYKQT5wgW,"Ghana special-Modern Highlife,Afro-sounds, Ghanaian & blues 1968-81",2010-01-04,Gyedu-Blay Ambolley and His Creations,spotify:artist:2sNHRUX6XU5Bnfnh8JOdZI,CAZ700909889,2,326493,Akoko Ba,spotify:track:1O1idktjugorMFIRkyJsM7,2,6,0.693,0.691,5,-8.293,0.0913,0.515,0.00349,0.119,0.811,128.302,1,4
2021-02-08T00:00:00Z,https://i.scdn.co/image/ab67616d0000b27372f22defb6d6ce5b619e7c4b,640.0,640.0,spotify:album:5ElnMKBlg21XKlqAynLH9x,Hot Shots II,2001,The Beta Band,spotify:artist:2LMR8u7DOMF0FBseDpTsRa,GBAYE0100525,1,226893,Squares,spotify:track:6yglIiqxr2yz9TI8zikNPU,1,43,0.676,0.446,5,-11.519,0.0622,0.00337,0.0406,0.114,0.507,150.033,0,4
2021-02-08T00:00:00Z,https://i.scdn.co/image/ab67616d0000b273d0a595f4d9b231785fb56433,640.0,640.0,spotify:album:50B74mMTKzwo8jaKLOR9Su,Cult Survivor,2020-06-26,Sofie,spotify:artist:2P2BXSc0Wxpf10Fpno38rl,US2S71921056,1,198379,99 Glimpses,spotify:track:7Ga8ri01mmdvKilHzGI0og,2,34,0.652,0.451,4,-7.263,0.0291,0.449,1.8e-06,0.145,0.321,126.047,0,4
2021-02-08T00:00:00Z,https://i.scdn.co/image/ab67616d0000b2734aac780cc34bb47de4b04816,640.0,640.0,spotify:album:2SGHbXwTsuIOoAdBPsnIDW,Amplified,1999-11-23,Q-Tip,spotify:artist:3ZotbHeyVQKxQCPDJuQ4SU,USAR19900509,1,246493,Let's Ride,spotify:track:4UZlEcQmkAeh4mYokk8TNs,5,56,0.775,0.795,5,-4.171,0.206,0.148,0.00119,0.0411,0.796,95.212,1,4
2021-02-08T00:00:00Z,https://i.scdn.co/image/ab67616d0000b2736683b21c9ffe5e8cfd99b887,640.0,640.0,spotify:album:2pjw16J7dxC2OxE9IXx3ap,Cult Cargo: Belize City Boil Up,2006-10-25,Professionals,spotify:artist:0XBrvvqvFQ8CtBYjtUAMVe,USCW60500614,1,252587,Theme from the Godfather,spotify:track:7oFE0bt8Cw9wss4x74lZUc,13,35,0.62,0.581,9,-7.106,0.029,0.0157,0.84,0.0544,0.699,93.232,0,4
2021-02-08T00:00:00Z,https://i.scdn.co/image/ab67616d0000b273a8fc00ab9f5b6e2565104901,640.0,640.0,spotify:album:1JLW9oMhABLKkK5x0KunP5,Mzansi Beat Code,2017-04-14,"Spoek Mathambo, Kajama, Fantasma","spotify:artist:3qw0OXlLhqI78xEWw9Ys8O, spotify:artist:7tLHsBmy2OaImcOLOCgePR, spotify:artist:0DtdsEfvyTx1ZxlnQhrVPs",FR2W61700016,1,333000,I Found U,spotify:track:4cB8F5foUijO5edzQJqjNU,8,32,0.537,0.688,7,-7.558,0.327,0.112,0.00175,0.0924,0.828,128.046,1,4
2021-02-08T00:00:00Z,https://i.scdn.co/image/ab67616d0000b273ad0886efb43e023b19d9b77b,640.0,640.0,spotify:album:5UiZ3oyLL0wiJC67Cby9Nj,Independent Dancer,2013-04-26,"Kalabrese, Khan","spotify:artist:2MUENaxB93ZPNclZIDEMMV, spotify:artist:0FEx2DeyIuHKZN5zQX6XOs",DEM091300018,1,635687,Desperate Man feat. Khan,spotify:track:5mx2ZxKOejA8cHnreNPDfP,6,34,0.885,0.567,4,-9.172,0.0637,0.0056,0.606,0.181,0.39,121.012,0,4
2021-02-08T00:00:00Z,https://i.scdn.co/image/ab67616d0000b273193f8e366ac960e18014221d,640.0,640.0,spotify:album:1PYpPBCZIMgFChfO7NKb3N,Beauty: A Journey Through Jeremy Underground's Collection,2016-09-09,Starcrost,spotify:artist:41dXD0yUxhnUk5ZuXqujKa,USFR50630303,1,304747,Quicksand,spotify:track:0hL8sBBOvup2rbzNwou5FX,9,35,0.552,0.529,0,-6.671,0.0308,0.827,0.00326,0.103,0.346,120.254,0,4
2021-02-08T00:00:00Z,https://i.scdn.co/image/ab67616d0000b273090b0d75994f51efea418240,640.0,640.0,spotify:album:3VZxmwYBcAeqDZ83Uc4NNl,Shangaan Shake,2012-02-24,Hype Williams,spotify:artist:3SMaI6j8ObewCWPQFwfvui,DEZ651201098,1,310587,Hype Williams Meets Shangaan Electro,spotify:track:23iveUZzJK3P14Uy5RMxs7,14,31,0.541,0.589,5,-8.527,0.0311,0.253,0.0125,0.167,0.532,71.193,0,4
2021-02-08T00:00:00Z,https://i.scdn.co/image/ab67616d0000b273e3deeaf64b9859defd8122ac,640.0,640.0,spotify:album:3vljYoTzf9am5UQL3lzBhE,Volume 5,2013-03-19,Dur-Dur Band,spotify:artist:4KDUfOJRuihzpcwO7jx9DF,QMUGB1360206,1,402091,Garsore Waa Ilaah,spotify:track:6Ld1Awy03zgOh8jf5m51vM,6,30,0.648,0.469,2,-10.626,0.0586,0.792,0.934,0.0932,0.956,166.892,1,4
2021-02-08T00:00:00Z,https://i.scdn.co/image/ab67616d0000b273d129077c64d3e6a38f1d4c59,640.0,640.0,spotify:album:3TJw2LHs9rQXpUP88FEiGv,New Orleans Funk 3,2013-10-21,Willie West,spotify:artist:76HrK2f7GCk4phitcHr60T,GBBCK1300482,1,196133,Fairchild,spotify:track:0zoLy7TUK6zqCpjqwiM2D8,1,31,0.801,0.513,5,-10.824,0.0508,0.183,0.000319,0.126,0.881,95.114,0,4
2021-02-08T00:00:00Z,https://i.scdn.co/image/ab67616d0000b273f6440e18adc84970d5df58fb,640.0,640.0,spotify:album:62ARw44PcqIkxP5PvGEwW6,III,2020-04-10,"24 Carat Black, Vicki Gray","spotify:artist:3XVzfekmrlwnm6zuJYWSqE, spotify:artist:5PHafBxToWnesJk6RIeoWA",USCW62019606,1,345480,You're Slipping Away,spotify:track:5HNdjvqYyv0kCz1jTib6L6,6,33,0.693,0.495,5,-12.938,0.0491,0.951,0.871,0.0991,0.877,95.344,1,4
2021-02-08T00:00:00Z,https://i.scdn.co/image/ab67616d0000b273f557471eedfbd9a7ab55d75b,640.0,640.0,spotify:album:1c7eigkoEcDAKKhkajY3Br,Any Other City,2000,Life Without Buildings,spotify:artist:16tbi6bWXBzJ9pOMZ5gIC7,GBCVZ0000025,1,353200,New Town,spotify:track:6fNtjb3OEYKAUMJY9SXHrC,9,37,0.618,0.721,7,-9.492,0.0329,0.313,0.395,0.111,0.294,134.796,1,4
2021-02-08T00:00:00Z,https://i.scdn.co/image/ab67616d0000b2734616df6026ff519d92f72464,640.0,640.0,spotify:album:3XPnOwdFm6LmNY8pndc6i9,40 Golden Hits Of Googoosh,2008-06-24,Googoosh,spotify:artist:07L6XZ7QaTsZLP8jwLoFgY,USPUP0810023,3,286627,Talagh,spotify:track:0Khekj2ZgnHQaL6Q3K825M,3,32,0.565,0.45,9,-12.877,0.0748,0.936,0.000492,0.167,0.487,105.907,1,4
2021-02-08T00:00:00Z,https://i.scdn.co/image/ab67616d0000b2736bec3154cbc31208828c0ceb,640.0,640.0,spotify:album:5u6AzFncTGXP8zfG62Wmeq,Til Bliss,2019-09-13,KEYAH/BLU,spotify:artist:4s5UfoEXxjyyjVZqqb1lrd,QMEZE1976817,1,203313,til bliss,spotify:track:4xR2nmC750nSTWfjM5pZJc,1,33,0.469,0.647,7,-8.893,0.419,0.657,0.00119,0.148,0.307,161.671,1,4
2021-02-08T00:00:00Z,https://i.scdn.co/image/ab67616d0000b27379a48460b11f4b860478c959,640.0,640.0,spotify:album:7gW7B0IdXwmNaMBAZ0XryK,Coconut Rock,2016-05-06,"Ocote Soul Sounds, Chico Mann","spotify:artist:4khzV3qBWcUKdc50QOv8Tc, spotify:artist:2Wt6Q6ZHygCPVtMO3uxLGB",TCACM1650736,1,237832,El Diablo Y El Ñau Ñau (feat. Chico Mann),spotify:track:6mYsi0PrM4EdDBV5cfsNyp,3,34,0.541,0.608,5,-8.445,0.058,0.0709,0.000266,0.356,0.545,168.014,1,4
2021-02-08T00:00:00Z,https://i.scdn.co/image/ab67616d0000b273605ba34425191b10414fcae3,640.0,640.0,spotify:album:0eInqHUmNsgo9LDmoCNknm,Keep Your Faith to the Sky,2019-07-09,"Willie Scott, The Birmingham Spirituals","spotify:artist:6MCkM2t7cafllMP6Xnw9uA, spotify:artist:4oSX72R22Lijd83o38PjtF",USLB11910004,1,309493,Keep Your Faith to the Sky,spotify:track:1LwWXyYUA58gkx6Gysnw2J,1,31,0.641,0.845,10,-3.672,0.0272,0.723,0.00105,0.104,0.839,94.569,0,4
2021-02-08T00:00:00Z,https://i.scdn.co/image/ab67616d0000b2738c6cbafb2b91bec852a0a79f,640.0,640.0,spotify:album:2odsUYbi8bSi0jkjeAQ4mC,Eccentric Soul: The Forte Label,2013-09-03,Gene Williams,spotify:artist:6L0DAPUiLSJGLeDZADIAtm,USCW61300082,1,166896,Don't Let Your Love Fade Away,spotify:track:49QdjueDrLe11yhFzJLslq,1,31,0.373,0.595,4,-7.145,0.0377,0.619,0.156,0.181,0.699,94.715,0,4
2021-02-08T00:00:00Z,https://i.scdn.co/image/ab67616d0000b27374653d3412a8cfa6fd806c1a,640.0,640.0,spotify:album:7sugiiyIKLQbpervoQuyX3,No Distraction (Khruangbin Remix),2020-07-08,"Beck, Khruangbin","spotify:artist:3vbKDsSS70ZX9D2OcvbZmS, spotify:artist:2mVVjNmdjXZZDvhgQWiakk",US3841700055,1,198205,No Distraction - Khruangbin Remix,spotify:track:2KHF1Yu8UvTa8HQgrNmKyW,1,50,0.471,0.71,1,-3.807,0.0327,0.0179,0.847,0.118,0.746,158.284,1,4
2021-02-08T00:00:00Z,https://i.scdn.co/image/ab67616d0000b27364430d9402d0b68442cf4a23,640.0,640.0,spotify:album:0NxvwurJBHWEItB8lOScqf,Visions of Selam,2018-03-16,"Arat Kilo, Mamani Keïta, Mike Ladd","spotify:artist:0QgLLqX1bVlbkMxHKCy47t, spotify:artist:5v8Qrpoya6Bf8Yaus5aVk6, spotify:artist:19rdse7ewbuvNcCSb4hg0n",FRV961800002,1,283080,Dou Coula,spotify:track:5ofN2feIdOF6D7bMb9fP07,2,35,0.716,0.473,11,-7.939,0.0547,0.137,0.00741,0.0721,0.709,146.009,0,4
2021-02-08T00:00:00Z,https://i.scdn.co/image/ab67616d0000b2738e02a8f29b9f9869b79d8869,640.0,640.0,spotify:album:1kgurOfUl0Qu20MDK46xur,Lux Prima,2019-03-15,"Karen O, Danger Mouse","spotify:artist:6emHCSoB4tJxTVXakbrpPz, spotify:artist:2dBj3prW7gP9bCCOIQeDUf",QMRSZ1801990,1,306467,Ministry,spotify:track:7qcmuxVCAxLLC3xI7BulG8,2,46,0.462,0.65,11,-10.332,0.0353,0.137,0.103,0.0807,0.299,140.563,1,4
2021-02-08T00:00:00Z,https://i.scdn.co/image/ab67616d0000b273902a8e6ad12d93e5c654acb1,640.0,640.0,spotify:album:1Z821RvawUQZ5ExkogGKCU,Eastern Flowers (Doğu Çiçekleri),2020-04-17,Sven Wunder,spotify:artist:2fQf2M7SkTwCv2MOEIP2Ly,SEYJB1900101,1,172972,Black Iris,spotify:track:03O3mBPounvOKETKr1aS3s,1,33,0.426,0.531,2,-11.258,0.0516,0.0301,0.765,0.121,0.0393,169.984,0,4
2021-02-08T00:00:00Z,https://i.scdn.co/image/ab67616d0000b273f4a67890b0eeaf6c8214f054,640.0,640.0,spotify:album:1gKsehEyIyBj5bUeSAEe8w,Rhythm & Sound,2001,Rhythm & Sound,spotify:artist:5e5DeHuHjgcj0DbdrdYKMo,DEW250100600,1,375387,No Partial,spotify:track:2bTw8WUiOpxMZ1Z8DGkDUU,1,28,0.787,0.458,1,-11.26,0.113,0.0585,0.812,0.0425,0.567,77.357,1,4
2021-02-08T00:00:00Z,https://i.scdn.co/image/ab67616d0000b2734d0dabb3e61fa4939729e581,640.0,640.0,spotify:album:5OtQlb0pY3Xkg0teNeVm22,Comin' Home Baby,2005-02-08,Mel Tormé,spotify:artist:4X8QFzZ1HqwPfwDfyjtwXC,USAT20200997,1,132373,Right Now,spotify:track:30REKbAQhDsJdeOgHXlRxd,12,38,0.694,0.368,10,-14.96,0.0433,0.78,0.0,0.315,0.92,94.749,0,4
2021-02-08T00:00:00Z,https://i.scdn.co/image/ab67616d0000b2730121c6935c29f9091b07f5f2,640.0,640.0,spotify:album:3H1M13STqcFzl5SRsyDxQM,Super Mama Djombo,2003-02-23,Super Mama Djombo,spotify:artist:38WRvRXIOeefhY4vRxEGrr,ushm80447360,1,413453,Julia,spotify:track:1zAQzWUH4efUC6VhH4CwdD,4,35,0.55,0.307,9,-10.672,0.0343,0.476,0.264,0.255,0.352,79.027,0,4
2021-02-08T00:00:00Z,https://i.scdn.co/image/ab67616d0000b2739ddb9e8949fc2bd0628a0ec5,640.0,640.0,spotify:album:2FklNw3bOvjzAiKYuyv2ww,Ballad Of The Ice,2014-04-28,"Red Axes, Abrão","spotify:artist:5Owm9QgL9BSCRQKTX6T08G, spotify:artist:58V5v9MFPcR1Ok4K6gVQsq",FR3NP1400080,1,261944,Papa Sooma feat. Abrão,spotify:track:0L2r7a4FAZ7VNMd0RmysMK,5,41,0.857,0.647,0,-6.996,0.0411,0.909,0.122,0.102,0.627,120.153,1,4
2021-02-08T00:00:00Z,https://i.scdn.co/image/ab67616d0000b2735818271d1d1180d09de185f0,640.0,640.0,spotify:album:02oLNcdt5Q6xmb4vVwsbQF,Take One,2020-11-16,Hallelujah Chicken Run Band,spotify:artist:4F4uGrDn844DLT3ThoztIE,DENR91562001,1,196933,Mudzimu Ndiringe,spotify:track:5ErKHqLZ0pHZJQAWRNY5aB,1,28,0.678,0.866,1,-5.251,0.0789,0.142,0.0233,0.256,0.76,138.446,0,4
2021-02-08T00:00:00Z,https://i.scdn.co/image/ab67616d0000b27343a813cd628772e43a572fa0,640.0,640.0,spotify:album:4l6mo8u2lynSTTZlNlJETV,Cherchez La Ghost,2019-06-28,Orions Belte,spotify:artist:3Kzo2BzQIPQW0397gx9rRp,NO28R1911201,1,160500,Cherchez La Ghost,spotify:track:7of9Gdpsdf25eSfYmeCsAp,1,39,0.737,0.554,1,-8.819,0.0317,0.0542,0.791,0.319,0.291,103.111,1,4
2021-02-08T00:00:00Z,https://i.scdn.co/image/ab67616d0000b273e465f3d3bbdfcb5f02d776f8,640.0,640.0,spotify:album:47WMGg3UQBQAGn8cVnPdiW,Kosmos,2020-07-10,J Lloyd,spotify:artist:63wd5NS9hEIj1MchScLJB1,GBKPL2006971,1,61280,Apocalypse,spotify:track:66y1fdK0PkqdhD8yOleDBD,3,42,0.817,0.514,8,-9.318,0.109,0.91,0.0255,0.108,0.682,94.052,1,4
2021-02-08T00:00:00Z,https://i.scdn.co/image/ab67616d0000b2735d5a09cc169a4bf20212b9ab,640.0,640.0,spotify:album:5UQhH6shjZrHfaQUDekrZi,Studio One Classics,2004-01-01,Jennifer Lara,spotify:artist:5GgX23TgqGxu7hCm6qVDo4,GBHWT0500210,1,133800,Consider Me,spotify:track:6qVodemcQoATdMCO5eUAlo,13,30,0.479,0.416,0,-10.528,0.0755,0.422,3.26e-06,0.507,0.7,81.804,0,4
2021-02-08T00:00:00Z,https://i.scdn.co/image/ab67616d0000b2738575e5b1f889a9f017eb00d2,640.0,640.0,spotify:album:1kQ2hMIXbFKjFQTXukoN8P,Postcards From Strangers,2014-01-03,Trinidad Senolia,spotify:artist:7Fr8Xet2uPiXqMAa91bkGI,ITK141301121,1,277155,You Showed Me - Edit,spotify:track:3tctGdaLmXcMlvSUvEyLoU,3,41,0.386,0.525,0,-6.867,0.0455,0.169,0.00387,0.112,0.383,183.603,0,4
2021-02-15T00:00:00Z,https://i.scdn.co/image/ab67616d0000b2737209a76bb02bff44f4504c94,640.0,640.0,spotify:album:0TavRM1gaRbiDPkfZCq08w,The Mugician,2017-09-29,"Keyon Harrold, Jermaine Holmes, Georgia Anne Muldrow, Robert Glasper","spotify:artist:4JG781pl96pL2h0AoERgOA, spotify:artist:0cmFuWcYcqIglD8O5E0B9O, spotify:artist:2RdnkH5txHb9c4vGwq0I31, spotify:artist:5cM1PvItlR21WUyBnsdMcn",USQX91701742,1,374333,"Wayfaring Traveler (feat. Jermaine Holmes, Georgia Anne Muldrow & Robert Glasper)",spotify:track:1Q8ya90p7UjMOqx3w8HXV0,5,32,0.525,0.714,6,-6.412,0.0389,0.11,0.000718,0.0878,0.505,143.958,0,4
2021-02-15T00:00:00Z,https://i.scdn.co/image/ab67616d0000b2733cf32b63e847f3f7118dee6a,640.0,640.0,spotify:album:0nj2MXRBsanq7KwGj6Kl1O,El Chico,1965-01-01,Chico Hamilton,spotify:artist:31NF3yc9DoAdh2bgR6mY04,USMC16553522,1,400480,Conquistadores,spotify:track:2CKyVTxpJ7hGhV2shxsnuB,5,29,0.568,0.925,2,-11.326,0.0405,0.521,0.451,0.132,0.936,79.542,1,4
2021-02-15T00:00:00Z,https://i.scdn.co/image/ab67616d0000b2736e9a86d707be8d0cfde67db0,640.0,640.0,spotify:album:22NT7us8z9ykigIg07cAdy,From the Roots to the Shoots,2006-07-17,Max Sedgley,spotify:artist:3Rvdl9zqy6xf5eMjxLb1hd,GBGNS0600148,1,325213,Slowly,spotify:track:1GHqvdXY0CRD6iAHKQnXHC,5,38,0.652,0.559,1,-6.205,0.136,0.000105,0.141,0.0718,0.459,172.743,1,4
2021-02-15T00:00:00Z,https://i.scdn.co/image/ab67616d0000b273e04feeb1ee7ecf06c6886bc0,640.0,640.0,spotify:album:6VQJQOS46WYe89Zn6sHNox,Tedium,2018-09-24,Arrangement,spotify:artist:6RxI3tCP0Olcb9dMar7e9e,QM24S1833681,1,222754,Tedium,spotify:track:3a6I3P2z8OG9oRw5kjutEp,1,34,0.683,0.301,6,-12.935,0.043,0.456,0.835,0.0759,0.316,82.0,0,4
2021-02-15T00:00:00Z,https://i.scdn.co/image/ab67616d0000b273430508514505f0e6b27c5512,640.0,640.0,spotify:album:0bDFKtBkBTJxTVLwZ8H80N,The Bottom Line,2009,O.V. Wright,spotify:artist:2eRG04xbRiI1AzY8uTCySk,US2HK0916705,1,232093,Let's Straighten It Out,spotify:track:12n47FuVsiUGug0xkiGkSc,5,46,0.689,0.479,5,-11.237,0.0249,0.494,0.000285,0.0755,0.814,79.421,0,4
2021-02-15T00:00:00Z,https://i.scdn.co/image/ab67616d0000b273c620ba3bb69ae1732f24192c,640.0,640.0,spotify:album:0CFat9OXpy2EStMJYGGFRc,25 Years of Mr. Bongo (1989-2014),2014-10-20,"Jorge Ben Jor, Toquinho","spotify:artist:5JYtpnUKxAzXfHEYpOeeit, spotify:artist:7rPqFVgJYARiFsLDlN6W6y",GBCLQ9900070,1,188173,Carolina Carol Bela,spotify:track:1TyAln1zOKleMgM8vE62cU,17,25,0.45,0.53,7,-11.284,0.0358,0.87,0.0723,0.137,0.899,86.087,0,4
2021-02-15T00:00:00Z,https://i.scdn.co/image/ab67616d0000b27388cc15f4275c0c630e693df9,640.0,640.0,spotify:album:0sDGeBvS663KyXZiTQTv2M,Untitled (AITAOA #2),2018-04-27,Portico Quartet,spotify:artist:7sYipTRgDXS2JVOPEhRutx,GBVTB1722003,1,313386,Unrest,spotify:track:6Uoxr9ky6M3lgT0wa8fLWJ,3,34,0.552,0.648,8,-11.551,0.0372,0.019,0.961,0.116,0.0494,122.06,1,4
2021-02-15T00:00:00Z,https://i.scdn.co/image/ab67616d0000b273c76dd6215fda5de7c4a6aff6,640.0,640.0,spotify:album:78TPs4e18BqzzRG9Kex2EG,Primal Prayer,2004-01-01,Beverly Glenn-Copeland,spotify:artist:2bN5hXtWZXEIfnHO34eXfe,USA2B1901475,1,231250,La Vita,spotify:track:5967j43Fh9iAzscfmxipk8,1,41,0.557,0.467,10,-12.981,0.0454,0.519,0.0301,0.13,0.374,96.172,0,4
2021-02-15T00:00:00Z,https://i.scdn.co/image/ab67616d0000b273df9585062b922e6fcbcb8d94,640.0,640.0,spotify:album:11yphonlymC5i54Obc9m1K,I Can Hear The Heart Beating As One,1997,Yo La Tengo,spotify:artist:5hAhrnb0Ch4ODwWu4tsbpi,USMTD9722208,1,318373,Autumn Sweater,spotify:track:01nLKbpSV14KyZwujAPRgV,8,18,0.628,0.455,7,-12.436,0.0427,0.142,0.693,0.135,0.858,102.09,1,4
2021-02-15T00:00:00Z,https://i.scdn.co/image/ab67616d0000b27378f78da1ecc0fe55d4fa6f13,640.0,640.0,spotify:album:0wcr6i3pA9jWXEBD8V44rM,Anika,2010-11-02,Anika,spotify:artist:6fimwBQkUgYS2HweErgxN5,US2S71315004,1,151979,In the City,spotify:track:0khHA65uKHItjWKdxWeXFs,12,44,0.569,0.514,9,-9.805,0.0282,0.000595,7.81e-05,0.239,0.411,111.689,1,4
2021-02-15T00:00:00Z,https://i.scdn.co/image/ab67616d0000b2737de56b6b817594ac000d3768,640.0,640.0,spotify:album:7jASLgwvecp9B4BorqlGuI,Pick A Dub (Deluxe Edition),1974-11-15,Keith Hudson,spotify:artist:7a6In9UVdQx5TpBGLZT2RZ,USVPR1600626,1,175293,Michael Talbot Affair,spotify:track:49F9symha1CLERuIc3oG5G,3,34,0.719,0.836,8,-6.609,0.149,0.0188,0.792,0.0531,0.874,140.314,0,4
2021-02-15T00:00:00Z,https://i.scdn.co/image/ab67616d0000b273b628468bdd46a54ceb3c24de,640.0,640.0,spotify:album:4uVVbtVoJCUUiFxehLvA6j,IIII+IIII,2017-03-31,ÌFÉ,spotify:artist:7hwZLbYVax5K8GvRSmRSOF,TCACL1505461,1,341918,HOUSE OF LOVE (Ogbe Yekun),spotify:track:04d4reGU2BCkKhOlVYqIhb,5,29,0.712,0.873,11,-6.803,0.188,0.184,0.879,0.106,0.915,154.019,0,4
2021-02-15T00:00:00Z,https://i.scdn.co/image/ab67616d0000b273ba26498291199da60973738a,640.0,640.0,spotify:album:7tOQ0wZyrxr2fqWTO6n8M7,Jazz Impressions Of Japan,1964,The Dave Brubeck Quartet,spotify:artist:4iRZAbYvBqnxrbs6K25aJ7,USSM10016161,1,181267,Koto Song,spotify:track:7ApoQAZIblqnGXhdt3ggp8,8,36,0.472,0.0954,10,-19.348,0.0392,0.974,0.561,0.101,0.318,110.17,0,4
2021-02-15T00:00:00Z,https://i.scdn.co/image/ab67616d0000b27364426c220bbba61e6be3a008,640.0,640.0,spotify:album:4fYwlMk0FugI6EB3vZFyQR,Muscle Up,2015-11-17,Patrick Cowley,spotify:artist:1pggi3bfbAPkwrylE63MEO,USQY51727478,1,454682,Somebody to Love Tonight,spotify:track:5EqCBlyZ0jOU8sTqIbObCl,4,35,0.734,0.562,6,-11.348,0.0373,0.528,0.918,0.104,0.775,105.999,0,4
2021-02-15T00:00:00Z,https://i.scdn.co/image/ab67616d0000b273493b759daa3a3bc9b1600635,640.0,640.0,spotify:album:3A4pmO23vmg1fbFpnbcSgk,Highway,2020-07-28,St. Panther,spotify:artist:5rvubrGTRPAX7N3RZZ9wS0,US25X2002693,1,152533,Highway,spotify:track:5GhNwJqiRvHRgOSEsfNsKD,1,41,0.869,0.825,2,-5.634,0.0496,0.000138,0.351,0.108,0.562,115.252,1,4
2021-02-15T00:00:00Z,https://i.scdn.co/image/ab67616d0000b2736418213dd55274721c31a45c,640.0,640.0,spotify:album:2lmW0f7qrMR2DiwGjmidZE,Loves Voodoo!,2013-11-13,MY BABY,spotify:artist:0c103ZyWDycpfVxR0lNrjm,NLC281300084,1,293000,Out On Gin,spotify:track:7HGxtJgtyp6nCdHOIFYco0,3,38,0.695,0.447,7,-10.99,0.0319,0.59,0.00192,0.116,0.423,95.983,1,4
2021-02-15T00:00:00Z,https://i.scdn.co/image/ab67616d0000b273875da332ce05097a0b44d7e5,640.0,640.0,spotify:album:66nM5kIMaGOJ05D0YDDGjL,Die Cut,2018-03-02,"Cut Chemist, Laura Darlington","spotify:artist:4743DlrFCsAlAV4N26Kdgh, spotify:artist:67OokTsDsLUvJI6oIxCigq",GBKPL1790193,1,201693,Home Away from Home,spotify:track:1DH2y6QYBtAntMjBgQlLKl,4,33,0.701,0.617,5,-4.505,0.0315,0.0575,0.542,0.115,0.311,117.028,0,4
2021-02-15T00:00:00Z,https://i.scdn.co/image/ab67616d0000b27356907aad5978aeda01d1aa41,640.0,640.0,spotify:album:5myiBXMrD0VqoFvpeyfR4M,Searching,1984,Ronald Langestraat,spotify:artist:5QRwZZSW7an5dMJFKQgnge,NL1PX1900002,1,215533,In the middle of the night,spotify:track:59lUkrrGLNhlnp2NsQrRXn,2,33,0.679,0.594,5,-10.228,0.0261,0.0616,0.116,0.113,0.913,94.545,0,4
2021-02-15T00:00:00Z,https://i.scdn.co/image/ab67616d0000b273b7fff22f807bb7b24311e0e4,640.0,640.0,spotify:album:2mxtmcQNiEczuP1trMkKg5,Our Truth,2016-11-04,BCUC,spotify:artist:5CGnQOjeOoZW4a4FoPhUxW,FR9W11614929,1,316563,Yinde - Short Version,spotify:track:1N7v6NMPwwxR3q4gGK8ztR,4,33,0.647,0.627,7,-8.716,0.198,0.627,2.57e-06,0.112,0.681,82.776,1,4
2021-02-15T00:00:00Z,https://i.scdn.co/image/ab67616d0000b273832a0c92724d3516d6de921d,640.0,640.0,spotify:album:76yrGYfxRIv1FnVU01IhdS,Piece of Me,2019-04-19,Lady Wray,spotify:artist:1plioVQ0mcgAO7uhvWkJJy,QZ2L61800084,1,222936,Piece of Me,spotify:track:5CbcqhKsBbiOsjdkh5Hsea,1,50,0.652,0.431,3,-9.198,0.352,0.506,0.000116,0.147,0.569,85.747,1,4
2021-02-15T00:00:00Z,https://i.scdn.co/image/ab67616d0000b2738cfba013f948b90e4bc0efb8,640.0,640.0,spotify:album:4Op7as0pv5F8nGEu4oR0Cl,Love Is All I Had: A Tribute to the Queen of Jamaican Soul,2004-01-01,Phyllis Dillon,spotify:artist:5Gsu4aAUiAALoTVvQduyhh,GBAJE7100926,1,202067,Woman of the Ghetto,spotify:track:5T5Y0mfHh0UNDyeos0Zmw2,23,30,0.791,0.581,8,-9.749,0.0459,0.337,0.478,0.105,0.871,97.749,1,4
2021-02-15T00:00:00Z,https://i.scdn.co/image/ab67616d0000b27386ea698b2e953980fa6fac14,640.0,640.0,spotify:album:4FzlCyvEDrvU8pHmgCUKkn,Miniatures de auto rhythm,2018-10-01,Domenique Dumont,spotify:artist:6kNluNBHa4sh5BKIvyiDgf,FR96X1815221,1,242553,Le soleil dans le monde,spotify:track:4Ve8G6KOhjDwi1fSOOdYds,8,42,0.708,0.548,5,-11.45,0.0433,0.34,0.302,0.331,0.78,94.005,0,4
2021-02-15T00:00:00Z,https://i.scdn.co/image/ab67616d0000b273bb69f8d7c9595316135783e1,640.0,640.0,spotify:album:5sfg0vawAop8SLgWju5nmS,It's Only Us,2020-03-13,Monophonics,spotify:artist:6LXZac7iBIZgnNrywTkQRw,QZDMQ1903201,1,199360,Chances,spotify:track:27C3mh9ihexch83w3B7kER,1,36,0.495,0.759,8,-6.189,0.0344,0.0554,0,0.439,0.579,102.376,0,4
2021-02-15T00:00:00Z,https://i.scdn.co/image/ab67616d0000b2735f6ab5f77d36e0f26fca3cf7,640.0,640.0,spotify:album:1N2F5zISGWBTgC5GK4xEPo,I Don't Care Today (Angels & Demons in Lo​-​fi),2018-02-03,MonoNeon,spotify:artist:3IuEuLez19teZSN32Pf70j,uscgh1865446,1,194000,"Women, Water & Weed",spotify:track:6NdtnJPnWC2rvEAOxhhLX0,13,35,0.584,0.49,10,-8.771,0.035,0.743,0.0199,0.128,0.731,123.898,0,3
2021-02-15T00:00:00Z,https://i.scdn.co/image/ab67616d0000b27353d13c60cbf8496025e414e8,640.0,640.0,spotify:album:4OYhJgrDTR74Yo4SE8Exdk,"Ethiopiques, vol. 21: Emahoy (Piano Solo)",1963,Tsegue-Maryam Guebrou,spotify:artist:1wJQvcfqhxMm2X6ErAZNrq,FR6V86300011,1,427840,The Homeless Wanderer,spotify:track:1NUdV2Lc7e2sbC14T7kG4q,1,43,0.432,0.072,0,-22.419,0.0366,0.992,0.889,0.0941,0.208,65.451,0,3
2021-02-15T00:00:00Z,https://i.scdn.co/image/ab67616d0000b2735eff6bfafeed4dcc5238b3e7,640.0,640.0,spotify:album:241NJNPNl5rIpawTq3FqL1,Grey Doubt,2020-05-01,"The Colours That Rise, Yazmin Lacey","spotify:artist:3DQd0TSC3qhevX7nb00xCV, spotify:artist:2datC2OML2YxykP6vnDRmg",DEG931912729,1,204006,Atmosphere,spotify:track:6GBtavjc1QZHqLVBUCnfVt,11,44,0.716,0.327,11,-14.853,0.0503,0.401,0.768,0.122,0.837,86.022,1,4
2021-02-15T00:00:00Z,https://i.scdn.co/image/ab67616d0000b273cff6ad782ffc3c0b7aa8d784,640.0,640.0,spotify:album:7luGna3XnSz51ASkz95oNY,Capacity,2017-05-26,Big Thief,spotify:artist:5QdyldG4Fl4TPiOIeMNpBZ,US2U61725502,1,238893,Shark Smile,spotify:track:1Q3l5BRzoQ0ziDVJdmrro7,2,34,0.615,0.753,6,-8.152,0.0859,0.132,0.502,0.116,0.555,131.045,0,4
2021-02-15T00:00:00Z,https://i.scdn.co/image/ab67616d0000b273e09e0b05e7e2471351963eb3,640.0,640.0,spotify:album:2HjoYWRe6kNblGBLiyDeh9,Koyma Hondo,2018-01-05,Boncana Maïga,spotify:artist:2K8pBKXINnDxqS3ajPPP8Z,FR6Z71700186,1,240400,Koyma Hondo,spotify:track:0FRLyEkqXyOjXj3lygm0ig,1,33,0.692,0.737,0,-7.883,0.0479,0.2,0.217,0.312,0.962,105.66,0,4
2021-02-15T00:00:00Z,https://i.scdn.co/image/ab67616d0000b2733503bef9f734e730d2e22c84,640.0,640.0,spotify:album:2c7B7bFNWRMSubpagKaB7K,EGOLI,2019-07-12,"Africa Express, Sibot, Mr Jukes, Moonchild Sanelly, Damon Albarn, Blue May","spotify:artist:0FvSMtCS6UPO4dfsvFT4Vm, spotify:artist:2wNRj72waNbqPsa3RvJ6yQ, spotify:artist:1y71H4hNtnHG7LeU1Y47FO, spotify:artist:6aDX1jzNVAI9enlQzW0Pgw, spotify:artist:0O98jlCaPzvsoei6U5jfEL, spotify:artist:5BjDMxlaiYzs3qbi4wVbeL",DEG931901761,1,195213,I Can't Move,spotify:track:0zrZhTN4we9WjAvB9gAbDw,17,37,0.753,0.609,3,-8.359,0.0286,0.0277,0.0466,0.0992,0.873,100.001,0,4
2021-02-15T00:00:00Z,https://i.scdn.co/image/ab67616d0000b2736de908475396d444b724165b,640.0,640.0,spotify:album:4oOotUMoznVTdGWzdUoEuy,Sainte-Victoire,2018-04-06,Clara Luciani,spotify:artist:2oVrruuEI0Dr2I4NvLtQS0,FRUM71800049,1,214667,Eddy,spotify:track:4o7h3cDkhTqk3cUhDfju8c,4,39,0.64,0.53,4,-8.665,0.0478,0.184,0.000286,0.0786,0.357,138.192,1,4
